Date,IVV,IWB,IWF,IJH,IJR,IWM,IWD,IVW,IVE,IWV,IUSG,IUSV,IWO,IWN,IJK,IJJ,IJS,IJT,OEF,IWR,IWP,IWS,DVY,ITOT,IMCG,ILCG,IMCB,ILCB,ILCV,IMCV,ISCG,ISCV,ISCB,IWC,IWY,IWX,IWL,EUSA,HDV,USMV,MTUM,VLUE,SIZE,QUAL,DGRO,LRGF,SMLF,SMMV,SMMD,DIVB
2000-05-31,-2.12,,,,,,,,,,,,,,,,,,,,,,,,,,,,,,,,,,,,,,,,,,,,,,,,,
2000-06-30,2.47,2.51,7.6,1.48,5.89,8.69,-4.68,8.05,-3.93,2.9,,,,,,,,,,,,,,,,,,,,,,,,,,,,,,,,,,,,,,,,
2000-07-31,-1.57,-1.7,-4.41,1.51,-2.48,-3.25,1.39,-4.48,1.98,-1.82,,,,,,,,,,,,,,,,,,,,,,,,,,,,,,,,,,,,,,,,
2000-08-31,6.19,7.44,9.18,11.13,8.82,7.59,5.54,5.77,6.68,7.46,9.27,5.46,10.49,4.41,14.84,7.12,5.85,,,,,,,,,,,,,,,,,,,,,,,,,,,,,,,,,
2000-09-30,-5.27,-4.68,-9.53,-0.69,-2.74,-3.24,0.86,-9.76,-0.05,-4.59,-9.22,0.75,-5,-0.68,-2.5,1.47,-0.22,,,,,,,,,,,,,,,,,,,,,,,,,,,,,,,,,
2000-10-31,-0.42,-1.16,-4.71,-3.36,0.69,-4.24,2.48,-2.62,1.86,-1.38,-4.92,2.26,-8.09,-0.28,-5.48,-0.97,0.58,,,,,,,,,,,,,,,,,,,,,,,,,,,,,,,,,
2000-11-30,-7.88,-9.14,-14.73,-7.6,-10.42,-10.41,-3.72,-10.63,-5.12,-9.21,-14.96,-3.64,-18.18,-2.07,-14.18,0.11,-6.62,,-7.03,,,,,,,,,,,,,,,,,,,,,,,,,,,,,,,
2000-12-31,0.47,1.19,-3.21,7.61,12.31,8.54,4.99,-4.36,5.12,1.64,-2.64,5.34,6.08,10.71,4.99,10.2,14.06,,-1.45,,,,,,,,,,,,,,,,,,,,,,,,,,,,,,,
2001-01-31,3.54,3.27,6.9,2.21,4.27,5.22,0.35,2.82,4.2,3.42,6.99,0.52,8.1,2.75,-0.02,4.41,7.93,,4.22,,,,,,,,,,,,,,,,,,,,,,,,,,,,,,,
2001-02-28,-9.12,-9.33,-16.99,-5.71,-6.11,-6.56,-2.79,-11.76,-6.64,-9.15,-16.75,-2.64,-13.71,-0.15,-8.23,-3.32,-4.23,,-10.31,,,,,,,,,,,,,,,,,,,,,,,,,,,,,,,
2001-03-31,-6.32,-6.62,-10.86,-7.44,-4.6,-4.92,-3.53,-9.01,-3.94,-6.5,-10.74,-3.4,-9.1,-1.62,-10.86,-4.41,-4.16,-5.17,-7.59,,,,,,,,,,,,,,,,,,,,,,,,,,,,,,,
2001-04-30,7.75,8.01,12.65,11.03,7.57,7.77,4.91,8.91,6.76,7.99,12.58,4.87,12.22,4.58,13.52,9.04,6.01,9.63,9.16,,,,,,,,,,,,,,,,,,,,,,,,,,,,,,,
2001-05-31,0.66,0.67,-1.47,2.34,1.9,2.42,2.2,0.23,1.03,0.78,-1.18,2.22,2.29,2.53,2.71,2.03,2.51,1.11,0.23,,,,,,,,,,,,,,,,,,,,,,,,,,,,,,,
2001-06-30,-2.44,-2.27,-2.37,-0.42,3.56,3.4,-2.23,-1.36,-3.25,-1.87,-2,-1.79,2.59,4.04,-0.98,0.15,3.72,3,-2.16,,,,,,,,,,,,,,,,,,,,,,,,,,,,,,,
2001-07-31,-0.99,-1.39,-2.52,-1.5,-1.6,-5.48,-0.24,-0.28,-1.75,-1.66,-2.93,-0.36,-8.53,-2.33,-3,-0.02,-0.91,-2.3,-1.5,,,,,,,,,,,,,,,,,,,,,,,,,,,,,,,
2001-08-31,-6.26,-6.09,-8.19,-3.29,-2.3,-3.26,-4.01,-6.72,-5.78,-5.92,-8.06,-3.77,-6.31,-0.36,-4.58,-2.05,-1.62,-3.02,-7.04,-3.87,-7.27,-1.85,,,,,,,,,,,,,,,,,,,,,,,,,,,,
2001-09-30,-8.07,-8.47,-9.99,-12.44,-13.52,-13.47,-7.02,-6.73,-9.51,-8.8,-10.41,-7.32,-16.15,-11.04,-13.8,-11.22,-14.37,-12.7,-7.59,-12.07,-16.55,-9.56,,,,,,,,,,,,,,,,,,,,,,,,,,,,
2001-10-31,1.88,2.01,5.11,4.43,5.31,5.67,-0.86,3.67,-0.01,2.08,5.25,-0.74,9.32,2.36,7.64,1.61,4.38,6.19,2.21,3.97,10.48,0.55,,,,,,,,,,,,,,,,,,,,,,,,,,,,
2001-11-30,7.66,7.67,9.57,7.42,7.3,7.74,5.78,8.84,6.32,7.67,9.5,5.89,8.34,7.15,8.87,6.04,7.98,6.57,7.54,8.35,10.75,6.97,,,,,,,,,,,,,,,,,,,,,,,,,,,,
2001-12-31,0.86,1.05,-0.21,5.2,6.74,6.09,2.34,0.12,1.51,1.39,0.2,2.59,6.11,6.08,3.95,6.32,7.2,6.29,0.02,3.98,3.78,4.13,,,,,,,,,,,,,,,,,,,,,,,,,,,,
2002-01-31,-1.46,-1.27,-1.78,-0.57,0.86,-1.05,-0.79,-0.16,-2.74,-1.26,-1.88,-0.64,-3.57,1.3,-1.06,-0.09,1.84,-0.15,-1.76,-0.61,-3.28,0.97,,,,,,,,,,,,,,,,,,,,,,,,,,,,
2002-02-28,-1.92,-2.01,-4.15,0.11,-1.72,-2.74,0.15,-2.97,-0.91,-2.06,-4.32,0.17,-6.47,0.6,-2.21,2.35,-0.42,-3.11,-1.78,-1.08,-5.67,1.59,,,,,,,,,,,,,,,,,,,,,,,,,,,,
2002-03-31,3.74,4.11,3.44,7.13,7.87,8.01,4.72,2.37,5.09,4.36,3.75,4.91,8.68,7.45,6.86,7.37,8.66,7.01,2.79,6.01,7.61,5.11,,,,,,,,,,,,,,,,,,,,,,,,,,,,
2002-04-30,-6.07,-5.74,-8.19,-0.48,2.82,0.9,-3.45,-7.18,-5.02,-5.24,-7.76,-2.91,-2.19,3.48,-2.61,1.48,4.08,1.43,-7.8,-1.96,-5.29,-0.09,,,,,,,,,,,,,,,,,,,,,,,,,,,,
2002-05-31,-0.74,-0.87,-2.41,-1.7,-4.15,-4.44,0.5,-1.94,0.39,-1.16,-2.67,0.2,-5.84,-3.31,-1.65,-1.76,-3.81,-4.57,-0.47,-1.16,-3.02,-0.17,,,,,,,,,,,,,,,,,,,,,,,,,,,,
2002-06-30,-7.13,-7.42,-9.26,-7.35,-5.18,-4.97,-5.78,-8.03,-6.33,-7.21,-9.21,-5.5,-8.47,-2.25,-9.28,-5.64,-4.51,-5.98,-7.24,-6.68,-11.04,-4.5,,,,,,,,,,,,,,,,,,,,,,,,,,,,
2002-07-31,-7.78,-7.36,-5.49,-9.69,-14.13,-15.02,-9.25,-4.8,-10.79,-7.9,-6.19,-9.65,-15.29,-14.74,-9,-10.39,-16.28,-11.97,-6.29,-9.67,-9.71,-9.65,,,,,,,,,,,,,,,,,,,,,,,,,,,,
2002-08-31,0.65,0.52,0.29,0.49,0.94,-0.28,0.71,0.62,0.65,0.43,0.26,0.64,-0.07,-0.48,0.1,0.86,-0.13,1.97,0.57,0.54,-0.37,1.16,,,,,,,,,,,,,,,,,,,,,,,,,,,,
2002-09-30,-10.86,-10.75,-10.4,-8.07,-6.12,-7.19,-11.12,-10.36,-11.4,-10.5,-10.2,-10.83,-7.23,-7.16,-6.26,-9.83,-7.36,-4.96,-11.45,-9.24,-7.97,-10.11,,,,,,,,,,,,,,,,,,,,,,,,,,,,
2002-10-31,8.78,8.29,9.14,4.31,3.18,3.2,7.39,9.22,8.27,7.93,8.87,6.95,5.02,1.49,4.64,3.97,1.98,4.31,10.92,5.05,7.72,3.15,,,,,,,,,,,,,,,,,,,,,,,,,,,,
2002-11-30,5.85,5.81,5.42,5.77,5.19,8.9,6.22,4.81,7,6,5.69,6.32,9.89,7.94,5.16,6.39,5.37,5.01,6.27,6.91,7.79,6.27,,,,,,,,,,,,,,,,,,,,,,,,,,,,
2002-12-31,-5.87,-5.65,-6.91,-4.13,-3.39,-5.57,-4.34,-6.5,-5.22,-5.66,-6.9,-4.33,-6.9,-4.29,-4.53,-3.73,-2.67,-4.08,-6.95,-3.94,-6.05,-2.39,,,,,,,,,,,,,,,,,,,,,,,,,,,,
2003-01-31,-2.64,-2.44,-2.44,-2.93,-3.46,-2.78,-2.44,-2.52,-2.75,-2.45,-2.47,-2.47,-2.74,-2.83,-2.37,-3.48,-4.15,-2.77,-2.6,-2.04,-1,-2.79,,,,,,,,,,,,,,,,,,,,,,,,,,,,
2003-02-28,-1.5,-1.56,-0.48,-2.4,-3.22,-3.03,-2.68,-0.3,-2.73,-1.66,-0.64,-2.74,-2.66,-3.38,-2.67,-2.13,-3.71,-2.72,-1.5,-1.33,-0.88,-1.67,,,,,,,,,,,,,,,,,,,,,,,,,,,,
2003-03-31,0.98,1.03,1.85,0.83,0.78,1.28,0.14,2.01,-0.15,1.04,1.82,0.21,1.5,1.04,2.01,-0.35,-0.33,1.89,1.03,0.96,1.85,0.32,,,,,,,,,,,,,,,,,,,,,,,,,,,,
2003-04-30,8.22,8.04,7.37,7.27,8.09,9.46,8.77,6.67,9.86,8.13,7.53,8.8,9.44,9.47,6.36,8.12,9.02,7.15,8.57,7.24,6.78,7.58,,,,,,,,,,,,,,,,,,,,,,,,,,,,
2003-05-31,5.25,5.68,4.97,8.26,8.05,10.69,6.44,3.23,7.35,6.01,5.35,6.68,11.23,10.17,6.74,9.73,9.29,6.75,3.98,9.12,9.61,8.76,,,,,,,,,,,,,,,,,,,,,,,,,,,,
2003-06-30,1.26,1.31,1.34,1.25,2.58,1.8,1.24,1.79,0.7,1.35,1.4,1.26,1.92,1.67,2.13,0.4,2.93,2.16,1.62,1.01,1.4,0.68,,,,,,,,,,,,,,,,,,,,,,,,,,,,
2003-07-31,1.75,1.98,2.49,3.55,5.2,6.23,1.48,1.29,2.2,2.27,2.86,1.75,7.53,4.95,4.09,2.98,4.88,5.49,1.93,3.27,3.55,3.1,,,,,,,,,,,,,,,,,,,,,,,,,,,,
2003-08-31,1.94,2.02,2.47,4.49,4.85,4.57,1.54,1.73,2.15,2.2,2.66,1.7,5.35,3.79,3.93,5.04,4.8,4.91,0.96,4.33,5.49,3.53,,,,,,,,,,,,,,,,,,,,,,,,,,,,
2003-09-30,-1.07,-1.03,-1.11,-1.55,-2.95,-1.87,-1,-0.33,-1.83,-1.1,-1.2,-1,-2.56,-1.17,-2.09,-1.01,-3.29,-2.61,-0.8,-1.28,-1.97,-0.8,,,,,,,,,,,,,,,,,,,,,,,,,,,,
2003-10-31,5.65,5.85,5.6,7.53,8.66,8.37,6.09,4.49,6.82,6.02,5.81,6.23,8.62,8.13,6.9,8.17,8.89,8.4,4.46,7.6,8.03,7.31,,,,,,,,,,,,,,,,,,,,,,,,,,,,
2003-11-30,0.87,1.19,1.03,3.47,3.78,3.53,1.36,0.83,0.88,1.35,1.22,1.54,3.25,3.81,3,3.92,4.11,3.42,0.29,2.79,2.65,2.89,,,,,,,,,,,,,,,,,,,,,,,,,,,,
2003-12-31,5.23,4.77,3.44,1.68,1.76,2.01,6.11,4.3,6.15,4.56,3.19,5.93,0.41,3.59,-0.32,3.56,2.78,0.73,5.94,2.98,1.08,4.29,5.65,,,,,,,,,,,,,,,,,,,,,,,,,,,
2004-01-31,1.82,1.88,2.03,2.16,2.87,4.32,1.75,1.87,1.75,2.06,2.25,1.87,5.25,3.44,1.68,2.6,2.37,3.37,1.83,2.89,3.27,2.61,1.58,,,,,,,,,,,,,,,,,,,,,,,,,,,
2004-02-29,1.38,1.38,0.63,2.39,1.91,0.9,2.13,0.51,2.25,1.32,0.57,2.11,-0.18,1.92,2.12,2.62,2.35,1.42,0.92,2.13,1.66,2.46,3.37,1.48,,,,,,,,,,,,,,,,,,,,,,,,,,
2004-03-31,-1.52,-1.37,-1.88,0.41,1.28,0.91,-0.89,-2.37,-0.72,-1.2,-1.71,-0.72,0.46,1.37,0.63,0.17,1.73,0.77,-2.26,0.01,-0.21,0.13,-1.36,-1.26,,,,,,,,,,,,,,,,,,,,,,,,,,
2004-04-30,-1.57,-1.82,-1.17,-3.3,-3.32,-5.1,-2.45,-0.65,-2.47,-2.06,-1.47,-2.66,-5.02,-5.16,-2.7,-3.88,-3.69,-2.91,-1.76,-3.66,-2.84,-4.22,-2.91,-1.79,,,,,,,,,,,,,,,,,,,,,,,,,,
2004-05-31,1.37,1.43,1.85,2.07,1.53,1.59,1.02,1.58,1.13,1.43,1.84,1,1.97,1.19,2.05,2.07,1.24,1.81,0.94,2.45,2.34,2.54,2.01,1.42,,,,,,,,,,,,,,,,,,,,,,,,,,
2004-06-30,1.93,1.79,1.23,2.25,5.52,4.22,2.33,1.7,2.16,1.97,1.4,2.56,3.35,5.1,1.43,3.09,5.45,5.57,1.75,2.74,1.57,3.55,2.46,2.08,,,,,,,,,,,,,,,,,,,,,,,,,,
2004-07-31,-3.31,-3.5,-5.66,-4.67,-5.49,-6.73,-1.4,-4.72,-1.91,-3.77,-5.94,-1.69,-9,-4.59,-5.01,-4.35,-4.77,-6.23,-2.79,-4.39,-6.66,-2.73,-0.88,-3.51,-7.07,-6.29,-4.58,-3.01,-0.55,-1.83,-10.97,-2.94,-4.75,,,,,,,,,,,,,,,,,
2004-08-31,0.39,0.49,-0.51,-0.28,-0.9,-0.52,1.39,-0.32,1.07,0.4,-0.66,1.35,-2.14,0.97,-1.26,0.68,0.29,-2.13,0.37,0.41,-1.26,1.59,3.14,0.27,-1.76,-1.74,-0.11,1.08,2.08,1.52,-3.25,1.05,-0.36,,,,,,,,,,,,,,,,,
2004-09-30,1.08,1.24,0.94,2.95,5.26,4.67,1.54,0.23,1.88,1.51,1.29,1.74,5.51,3.94,2.9,2.99,4.92,5.61,-0.57,3.24,3.72,2.83,1.74,1.39,5.62,0.57,2.98,1.36,0.04,2.44,5.98,3.64,4.93,,,,,,,,,,,,,,,,,
2004-10-31,1.53,1.61,1.55,1.6,1.84,1.93,1.65,1.52,1.49,1.63,1.61,1.63,2.38,1.51,2.43,0.8,0.84,2.9,1.19,2.69,3.33,2.24,1.64,1.52,4.22,1.39,2.02,1.06,1.41,1.73,3.46,1.39,2.37,,,,,,,,,,,,,,,,,
2004-11-30,4.04,4.26,3.42,5.94,8.52,8.65,5.02,3.15,4.86,4.62,3.85,5.33,8.43,8.86,4.72,7.08,9.06,7.95,3.3,6.07,5.15,6.73,4.67,4.37,6.05,2.46,6.76,4.57,3.82,6.08,7.4,8.81,8.58,,,,,,,,,,,,,,,,,
2004-12-31,3.39,3.6,3.89,4.17,2.19,2.95,3.33,3.55,3.24,3.55,3.85,3.24,3.57,2.36,4.36,3.92,1.82,2.45,3.36,4.23,4.78,3.85,1.38,3.4,4.44,3.27,4.46,3.76,3.28,3.46,4.08,2.61,2.33,,,,,,,,,,,,,,,,,
2005-01-31,-2.44,-2.53,-3.34,-2.56,-2.27,-4.18,-1.79,-2.45,-2.45,-2.67,-3.46,-1.97,-4.52,-3.87,-2.35,-2.77,-3.52,-1.06,-1.74,-2.49,-2.71,-2.36,-3.05,-2.45,-3.07,-3.26,-3.24,-2.32,-1.63,-2.53,-4.65,-4.1,-3.35,,,,,,,,,,,,,,,,,
2005-02-28,2.1,2.24,1.06,3.34,2.84,1.68,3.3,2.39,1.8,2.19,1.09,3.19,1.35,1.96,3.57,3.09,3.07,2.64,1.93,3.08,2.52,3.47,2.54,2.22,2.69,-0.45,2.93,1.21,4.58,3.54,1.72,1.61,3.23,,,,,,,,,,,,,,,,,
2005-03-31,-1.76,-1.58,-1.84,-1.12,-2.59,-2.86,-1.34,-1.78,-1.75,-1.69,-2.01,-1.44,-3.73,-2.08,-1.26,-0.99,-1.9,-3.28,-2,-0.74,-1.48,-0.19,-1.01,-1.75,-1.1,-1.84,-2.04,-0.85,-2.45,-0.31,-3.58,-1.76,-2.92,,,,,,,,,,,,,,,,,
2005-04-30,-1.91,-1.85,-1.92,-3.9,-5.59,-5.73,-1.82,-1.77,-2.05,-2.18,-2.32,-2.1,-6.39,-5.16,-4.05,-3.77,-5.49,-5.7,-1.52,-3.19,-3.97,-2.66,-0.5,-2.22,-4.77,-2.09,-3.36,-1.49,-0.96,-1.79,-5.67,-4.92,-6.06,,,,,,,,,,,,,,,,,
2005-05-31,3.18,3.52,4.8,6.01,6.6,6.52,2.4,3.19,3.15,3.77,4.98,2.69,7.03,6.07,6.09,5.93,5.97,7.2,2.34,4.78,5.7,4.12,2.82,3.53,6.27,6.25,5.2,2.2,1.32,4.28,8.01,6.11,6.93,,,,,,,,,,,,,,,,,
2005-06-30,0.14,0.41,-0.37,2.41,3.23,3.87,1.1,-1.27,1.49,0.71,-0.08,1.36,3.27,4.39,1.78,3.04,3.9,2.58,-1,2.71,1.84,3.31,1.45,0.45,2.94,-1.3,2.14,-0.82,1.44,3.2,2.45,4.12,3.2,,,,,,,,,,,,,,,,,
2005-07-31,3.7,3.87,4.88,5.24,6.02,6.32,2.88,4.31,3.13,4.07,5.04,3.13,6.97,5.67,4.88,5.6,5.89,6.11,2.73,5.26,5.83,4.75,3.52,3.94,6.24,5.28,6.01,3.1,2.25,4.5,6.68,5.94,5.4,,,,,,,,,,,,,,,,,
2005-08-31,-0.9,-0.85,-1.31,-1.12,-1.49,-1.86,-0.44,-1.1,-0.75,-0.96,-1.32,-0.6,-1.41,-2.31,-1.13,-1.15,-1.93,-1.04,-1.19,-0.68,-0.64,-0.75,-1.52,-0.98,0.14,-1.32,-0.98,-1.29,-0.15,-1.66,-1.54,-2.23,-1.8,,,,,,,,,,,,,,,,,
2005-09-30,0.81,0.91,0.45,0.75,0.87,0.31,1.4,0.57,1.03,0.86,0.49,1.24,0.78,-0.18,0.6,0.94,0.25,1.47,0.53,1.31,1.29,1.32,-0.32,0.82,1.74,-0.48,1.06,1.07,1.63,0.68,0.87,0.11,0.24,0.24,,,,,,,,,,,,,,,,
2005-10-31,-1.68,-1.77,-0.99,-2.16,-3.13,-3.1,-2.56,-1.59,-1.75,-1.88,-1.24,-2.55,-3.72,-2.53,-1.44,-2.95,-2.77,-3.52,-1.68,-3.02,-2.96,-3.05,-1.49,-1.81,-2.06,-0.55,-4.66,-0.94,-2.16,-3.19,-3.16,-3.38,-3.06,-3.26,,,,,,,,,,,,,,,,
2005-11-30,3.77,3.79,4.3,4.86,4.57,4.83,3.25,3.79,3.72,3.87,4.4,3.31,5.64,4.04,5.58,4.11,4.32,4.81,3.51,4.41,5.4,3.51,1.24,3.88,5.39,4.51,5.66,3.5,2.86,3.94,6,4.07,5.34,4.45,,,,,,,,,,,,,,,,
2005-12-31,0.02,0.13,-0.33,0.68,-0.94,-0.47,0.58,-0.21,0.24,0.07,-0.31,0.48,-0.16,-0.78,0.89,0.44,-1.17,-0.71,-0.69,1.02,1.08,0.96,-0.5,0.03,1.18,-1.09,1.51,0.38,0.08,0.76,-0.64,-0.07,-0.35,0.01,,,,,,,,,,,,,,,,
2006-01-31,2.65,2.79,1.74,5.96,8.36,8.96,3.87,2.33,2.98,3.32,2.44,4.23,9.63,8.25,5.71,6.22,9.23,7.43,1.65,5.14,6.02,4.31,1.78,3.16,6.87,2.47,5.13,0.56,4.11,3.74,9.52,7.12,8.54,9.29,,,,,,,,,,,,,,,,
2006-02-28,0.27,0.21,-0.17,-0.86,-0.77,-0.29,0.58,-0.53,1.06,0.18,-0.21,0.54,-0.53,-0.03,-1.71,-0.03,-0.2,-1.36,0.62,-0.14,-1.25,0.94,1.46,0.11,-0.72,-1.7,-0.29,1.36,0.54,0.43,-0.6,-0.47,-0.12,-0.05,,,,,,,,,,,,,,,,
2006-03-31,1.24,1.42,1.45,2.48,4.89,4.84,1.34,0.78,1.69,1.71,1.76,1.64,4.84,4.81,2.3,2.65,4.77,5,1.32,2.46,2.77,2.16,-0.35,1.49,3.24,0.69,2.72,2.04,0.73,2.07,4.44,3.91,5.29,4.41,,,,,,,,,,,,,,,,
2006-04-30,1.34,1.19,-0.16,1.37,-0.03,-0.03,2.52,-0.1,2.79,1.07,-0.19,2.31,-0.3,0.27,0.64,2.08,0.12,-0.19,1.52,0.67,0.41,0.96,2.46,1.27,0.9,-0.23,-0.2,0.68,3.35,1.66,0.24,-0.23,1.14,-0.72,,,,,,,,,,,,,,,,
2006-05-31,-2.88,-2.97,-3.39,-4.52,-4.57,-5.62,-2.53,-3.33,-2.46,-3.22,-3.74,-2.69,-7.05,-4.17,-5.1,-4.01,-4.57,-4.62,-2.2,-3.38,-4.73,-2.11,-1.39,-3.1,-5.26,-4.32,-3.78,-1.99,-2.31,-2.24,-7.2,-3.33,-4.71,-6.2,,,,,,,,,,,,,,,,
2006-06-30,0.13,0.13,-0.42,0,-0.01,0.62,0.63,-0.08,0.32,0.17,-0.37,0.66,0.02,1.21,0.07,-0.06,0.36,-0.4,-0.17,0.1,-0.43,0.58,0.6,0.12,-0.41,-0.09,-0.02,-0.65,1.66,0.41,-1.19,-0.13,0.02,-0.59,,,,,,,,,,,,,,,,
2006-07-31,0.61,0.22,-1.91,-2.85,-3.45,-3.28,2.42,0.2,0.99,-0.1,-2.21,2.06,-5.22,-1.41,-3.58,-2.25,-3.29,-3.61,1.67,-2.21,-3.59,-0.57,3.29,0.14,-5.11,-2.44,-2.92,0.25,4.52,-0.31,-5.62,-1.39,-2.66,-3.75,,,,,,,,,,,,,,,,
2006-08-31,2.37,2.37,3.1,1.12,1.7,2.95,1.64,3.25,1.52,2.43,3.08,1.76,2.92,2.97,0.72,1.46,2.64,0.68,2.56,2.52,2.28,2.77,1.29,2.23,1.59,3.32,3.16,2.37,1.39,1.7,3.44,2.98,3.05,2.67,,,,,,,,,,,,,,,,
2006-09-30,2.56,2.37,2.73,0.66,0.89,0.82,1.96,2.47,2.65,2.22,2.54,1.88,0.68,0.97,1.21,0.19,1.27,0.48,3.09,1.79,2.25,1.25,1.56,2.33,1.83,2.46,2.07,3.76,1.35,1.16,0.36,1.42,0.82,0.16,,,,,,,,,,,,,,,,
2006-10-31,3.25,3.36,3.49,4.11,4.96,5.73,3.25,3.17,3.31,3.58,3.75,3.4,6.45,5.06,3.7,4.49,5.42,4.4,3.4,3.9,3.81,4.03,3.56,3.37,3.97,3.06,4.43,3.46,2.91,3.71,5.86,4.66,5.52,5.99,,,,,,,,,,,,,,,,
2006-11-30,1.89,2.12,1.96,3.19,2.77,2.63,2.27,1.99,1.77,2.15,1.98,2.31,2.39,2.84,3.39,3.04,2.44,3.09,1.73,3.59,3.91,3.21,1.62,2.03,3.9,2.89,3.67,0.55,1.96,3.69,1.82,3.04,3.07,2.06,,,,,,,,,,,,,,,,
2006-12-31,1.39,1.27,0.33,-0.51,-0.03,0.32,2.23,0.34,2.4,1.21,0.28,2.11,-0.26,0.86,-1.21,0.12,0.32,-0.4,1.77,-0.03,-0.91,1.01,2.11,1.19,-1.13,-0.5,-0.07,2.07,2.67,1.16,-0.64,0.91,-0.17,1.5,,,,,,,,,,,,,,,,
2007-01-31,1.5,1.92,2.54,3.61,2.01,1.65,1.28,1.23,1.75,1.9,2.5,1.29,1.85,1.47,3.92,3.31,2.04,1.99,1.07,3.36,3.61,3.06,0.87,1.69,3.72,2.4,3.54,1.68,0.56,2.83,2.03,1.65,1.93,1.16,,,,,,,,,,,,,,,,
2007-02-28,-1.95,-1.72,-1.89,0.72,-0.56,-0.8,-1.56,-2.24,-1.71,-1.65,-1.78,-1.53,-0.33,-1.24,0.23,1.19,-0.97,-0.11,-3.16,0.14,-0.23,0.59,-0.54,-1.7,0.14,-2.1,0.4,-2.59,-1.99,0.25,0.08,-0.86,-0.94,-1.12,,,,,,,,,,,,,,,,
2007-03-31,1.11,1.01,0.54,1.34,1.65,1.05,1.53,0.9,1.29,1.02,0.57,1.5,0.92,1.17,1.64,1.04,1.04,2.35,1.05,0.78,0.51,1.12,1.36,1.13,1.25,1.28,0.33,0.01,2.24,0.97,1.66,0.49,1.35,0.6,,,,,,,,,,,,,,,,
2007-04-30,4.42,4.2,4.7,3.01,2.22,1.77,3.66,4.68,4.18,3.98,4.5,3.43,2.6,1.01,3.24,2.8,1.95,2.51,4.82,3.79,4.37,3.13,2.87,4.19,4.57,4.04,3.74,5.14,3.77,3.02,2.66,1.87,2.36,1.16,,,,,,,,,,,,,,,,
2007-05-31,3.47,3.58,3.57,4.99,4.59,4.09,3.6,3.1,3.79,3.63,3.65,3.59,4.54,3.66,5.64,4.33,4.59,4.61,3.48,3.76,4.04,3.42,1.95,3.63,4.49,3.57,4.55,3.1,3.75,3.42,5.14,3.78,4.87,2.96,,,,,,,,,,,,,,,,
2007-06-30,-1.67,-1.91,-1.5,-2.23,-1.64,-1.31,-2.35,-1.25,-2.06,-1.89,-1.42,-2.34,-0.58,-2.34,-1.73,-2.7,-2.25,-0.97,-1.27,-2.26,-1.74,-2.83,-3.17,-1.71,-0.7,-1.34,-1.85,-1.4,-2.2,-2.59,-1.28,-3.07,-1.44,-0.91,,,,,,,,,,,,,,,,
2007-07-31,-3.08,-3.09,-1.56,-4.31,-5.04,-6.83,-4.63,-2.23,-3.92,-3.4,-1.86,-4.97,-5.19,-8.5,-3.76,-4.89,-5.93,-4.1,-2.35,-3.74,-2.26,-5.58,-5.77,-3.28,-1.15,-1.43,-4.99,-2.05,-4.7,-6.74,-4.03,-9.55,-6.41,-7.21,,,,,,,,,,,,,,,,
2007-08-31,1.5,1.34,1.56,0.91,1.85,2.26,1.1,1.64,1.33,1.43,1.65,1.17,2.51,1.98,1.09,0.71,0.99,2.77,1.98,0.16,0.53,-0.32,2.13,1.45,0.96,1.34,0.18,1.76,2.21,-0.94,2.45,2.74,0.62,1.19,,,,,,,,,,,,,,,,
2007-09-30,3.71,3.81,4.17,2.58,1.47,1.72,3.42,4.36,3.08,3.63,4.05,3.17,2.9,0.43,3.5,1.71,0.2,2.79,4.08,3.28,3.9,2.46,0.71,3.55,5.02,5.36,2.15,3.64,3.34,1.41,4.16,0.2,-0.16,1.58,,,,,,,,,,,,,,,,
2007-10-31,1.58,1.74,3.38,2.6,1.85,2.87,0,2.13,1.04,1.82,3.48,0.08,4.48,1.08,3.5,1.7,1.19,2.54,1.48,1.59,2.53,0.36,0.6,1.66,3.38,4.28,1.39,2.38,-1.28,-0.45,3.94,1.4,2.05,1.14,,,,,,,,,,,,,,,,
2007-11-30,-4.18,-4.27,-3.68,-4.94,-7.4,-7.18,-4.88,-3.52,-4.86,-4.5,-3.94,-5.1,-6.9,-7.49,-4.26,-5.7,-7.02,-7.83,-4.2,-4.79,-4.4,-5.31,-2.89,-4.37,-4.94,-4.76,-6.04,-2.24,-5.08,-4.85,-6.66,-6.01,-7.64,-8.6,,,,,,,,,,,,,,,,
2007-12-31,-0.69,-0.65,-0.37,-0.2,-0.79,-0.07,-0.97,0.15,-1.58,-0.62,-0.31,-0.98,0.6,-0.84,0.12,-0.55,-1.08,-0.5,-0.76,-0.33,0.25,-1.11,-3.2,-0.68,1.59,-0.68,-1.07,-0.92,-0.62,-1.76,0.89,-0.49,-1.6,-0.37,,,,,,,,,,,,,,,,
2008-01-31,-5.99,-6,-7.8,-6.17,-4.88,-6.82,-4,-8.34,-3.51,-6.06,-7.92,-4.01,-9.17,-4.08,-7.23,-5.12,-3.69,-6,-6.06,-6.51,-7.96,-4.55,0.17,-5.96,-9.41,-9.41,-6.03,-5.92,-3.02,-1.84,-10.53,-1.46,-5.23,-7.86,,,,,,,,,,,,,,,,
2008-02-29,-3.25,-3.05,-1.99,-1.86,-3.08,-3.71,-4.19,-1.31,-5.21,-3.11,-2.11,-4.19,-3.46,-3.99,-0.44,-3.21,-3.83,-2.32,-4.31,-2.3,-1.53,-3.3,-8.78,-3.14,-1.41,-2.07,-0.8,-1.99,-5.61,-5.41,-3.5,-4.95,-2.32,-3.75,,,,,,,,,,,,,,,,
2008-03-31,-0.44,-0.69,-0.64,-1.03,0.4,0.42,-0.77,-0.41,-0.49,-0.62,-0.64,-0.59,-0.59,1.52,-1.53,-0.55,1.04,-0.28,0.18,-1.45,-1.8,-1.03,-0.9,-0.46,-2.51,-0.26,-1.03,0.7,-1.71,-1.66,-0.88,1.18,0.59,-0.9,,,,,,,,,,,,,,,,
2008-04-30,4.85,5.05,5.24,7.68,4.01,4.19,4.85,5.93,3.69,4.98,5.22,4.71,5.12,3.15,8.09,7.3,2.71,5.36,4.55,6.74,7.24,6.07,2.48,5.01,9.56,6.41,6.73,2.12,6.12,3.74,4.39,3.26,4.61,1.78,,,,,,,,,,,,,,,,
2008-05-31,1.29,1.83,3.64,5.29,4.43,4.61,-0.17,2.36,0.13,2.04,3.78,0.1,5.7,3.41,5.95,4.6,4.18,4.65,-0.03,4.52,5.25,3.53,-1.68,1.71,5.03,4.22,4.62,1.53,-2.54,2.98,6.55,2.05,6.2,3.82,,,,,,,,,,,,,,,,
2008-06-30,-8.43,-8.3,-7.21,-7.03,-7.54,-7.69,-9.57,-5.91,-11.2,-8.25,-7.1,-9.55,-5.97,-9.57,-5.11,-8.88,-8.85,-6.18,-8.89,-7.98,-7.33,-8.9,-14.64,-8.29,-5.23,-5.99,-8.12,-7.94,-10.54,-10.9,-6.52,-12.89,-8.74,-9.45,,,,,,,,,,,,,,,,
2008-07-31,-0.84,-1.15,-1.92,-1.85,2.06,3.71,-0.36,-2.73,1.34,-0.8,-1.6,0.06,2.32,5.13,-3.35,-0.34,3.32,0.69,0.67,-2.54,-3.8,-1.14,4.17,-0.82,-5.26,-2.84,-1.83,1.17,-1.02,0.69,0.4,4.06,1.84,5.07,,,,,,,,,,,,,,,,
2008-08-31,1.44,1.37,1.07,1.7,4.17,3.61,1.7,1.53,1.34,1.54,1.18,1.93,2.47,4.73,1.31,2.09,4.58,3.66,1.42,1.84,0.88,2.85,3.9,1.55,-0.61,0.27,1.75,2.87,0.23,3.86,3.67,5.75,3.06,2.72,,,,,,,,,,,,,,,,
2008-09-30,-8.89,-9.51,-11.57,-10.7,-6.76,-7.94,-7.33,-10.15,-7.48,-9.37,-11.54,-7.11,-11.27,-4.68,-12.93,-8.54,-5.28,-8.45,-7.62,-12.22,-15.27,-8.99,1.4,-8.97,-15.78,-13.01,-12.53,-7.69,-5.42,-7.47,-11.99,-4.04,-10.38,-7.2,,,,,,,,,,,,,,,,
2008-10-31,-16.76,-17.42,-17.6,-21.68,-20.18,-20.76,-17.28,-16.51,-17.06,-17.69,-17.91,-17.5,-21.67,-19.89,-21.65,-21.72,-19.58,-20.76,-14.59,-22.32,-21.95,-22.68,-12.09,-17.3,-22.05,-18.03,-22.58,-16.02,-13.95,-20.6,-21.69,-19.54,-22.09,-20.9,,,,,,,,,,,,,,,,
2008-11-30,-7.17,-7.54,-7.94,-9.23,-11.66,-11.78,-7.16,-5.53,-8.98,-7.88,-8.27,-7.52,-12.07,-11.56,-9.71,-8.85,-12.05,-11.15,-6.42,-10.17,-10.25,-10.09,-8.67,-7.49,-10.47,-9.21,-10.35,-6.37,-5.09,-8.44,-11.41,-11.17,-12.37,-13.38,,,,,,,,,,,,,,,,
2008-12-31,1.08,1.59,1.81,4.8,6.06,5.87,1.39,1.15,0.93,1.89,2.06,1.75,5.51,6.28,4.64,4.97,6.75,5.32,-0.04,4.27,3.68,4.87,-2.36,1.48,2.05,-0.25,6.61,2.29,-0.05,4.67,6.15,3.96,5.62,4.63,,,,,,,,,,,,,,,,
2009-01-31,-8.42,-8.16,-4.84,-7.22,-12.65,-11.08,-11.48,-4.9,-12.09,-8.36,-5.02,-11.68,-7.6,-14.26,-5.9,-8.51,-14.05,-11.21,-9.14,-7.38,-4.49,-10.32,-15.74,-8.48,-4.5,-2.69,-6.79,-9.76,-11.06,-12.15,-8.12,-13.66,-9.53,-10.86,,,,,,,,,,,,,,,,
2009-02-28,-10.61,-10.28,-7.5,-9.67,-11.97,-12.15,-13.31,-8.49,-13.03,-10.44,-7.74,-13.37,-10.34,-13.84,-8.05,-11.29,-12.71,-11.22,-10.57,-9.93,-7.61,-12.45,-15.01,-10.59,-7.24,-5.57,-10.47,-11.89,-12.35,-14.21,-8.93,-14.85,-11.92,-13.42,,,,,,,,,,,,,,,,
2009-03-31,8.74,8.72,8.89,9.04,8.21,8.93,8.54,7.8,9.84,8.72,8.89,8.57,8.96,8.84,9.68,8.34,8.27,8.08,8.54,9.13,9.48,8.75,7.67,8.74,8.29,9.03,8.04,8.23,8.08,9.94,9.01,10.11,10.51,8.85,,,,,,,,,,,,,,,,
2009-04-30,9.55,10.1,9.55,14.82,17.44,15.43,10.7,8.31,11,10.5,9.94,11.08,15.03,15.83,14.03,15.67,18.42,16.52,7.78,15.32,14.16,16.64,11.06,10.21,11.97,8.22,15.5,10.32,5.38,19.21,14.34,22.32,19.47,15.68,,,,,,,,,,,,,,,,
2009-05-31,5.58,5.52,4.94,2.73,1.6,3.01,6.16,4.91,6.35,5.32,4.87,5.84,3.85,2.16,3.51,1.9,0.65,2.52,5.6,4.33,5.13,3.4,2.55,5.19,4.81,4.81,4.35,6.09,6.58,4.45,3.26,3.46,3.32,4.1,,,,,,,,,,,,,,,,
2009-06-30,0.22,0.24,1.11,0.61,1.43,1.47,-0.73,0.81,-0.45,0.33,1.24,-0.69,3.26,-0.32,0.53,0.71,1.2,1.67,0.66,0.34,0.47,0.21,-0.2,0.27,0.5,1.96,-0.64,-0.47,-0.42,-0.64,4.41,-1.01,0.42,2.88,,,,,,,,,,,,,,,,
2009-07-31,7.54,7.63,7.09,8.72,10.29,9.64,8.18,6.78,8.4,7.77,7.14,8.43,7.75,11.54,8.08,9.37,11.3,9.31,7.3,8.83,7.88,9.78,9.68,7.74,6.69,6.18,9.22,7.75,7.23,11.19,7.02,12.82,10.1,9.83,,,,,,,,,,,,,,,,
2009-08-31,3.6,3.62,2.06,4.35,2.29,2.84,5.21,1.96,5.42,3.55,1.97,5.17,0.97,4.69,3.31,5.39,3.3,1.24,3.4,4.85,3.04,6.59,3.28,3.58,2.51,1.67,4.69,2.53,4.86,8,0.79,8.99,3.87,3.36,,,,,,,,,,,,,,,,
2009-09-30,3.73,4.04,4.24,5.7,5.11,5.77,3.83,4.24,3.14,4.18,4.39,3.93,6.54,4.98,6.12,5.29,4.39,5.88,2.99,5.65,5.71,5.56,4.2,3.95,6.86,5.02,5.58,3.55,2.01,4.64,5.5,5.94,6.92,6.21,,,,,,,,,,,,,,,,
2009-10-31,-1.87,-2.22,-1.38,-4.55,-5.68,-6.79,-3.06,-0.26,-3.63,-2.58,-1.8,-3.36,-6.94,-6.65,-3.42,-5.65,-6.33,-5.09,-1.08,-4.41,-4.01,-4.77,-1.55,-2.25,-3.74,-0.61,-4.43,-1.56,-2.09,-4.89,-6.81,-6.72,-5.54,-9.32,-0.4,-2.42,-1.37,,,,,,,,,,,,,
2009-11-30,5.98,5.87,6.12,4.04,2.59,3.13,5.61,5.75,6.24,5.66,5.9,5.41,3.09,3.14,3.6,4.44,3.07,2.12,6.12,4.81,4.65,4.96,5.38,5.72,4.13,6.69,4.86,5.64,6.23,5.65,3.01,5.42,2.9,1.51,6.65,5.88,6.29,,,,,,,,,,,,,
2009-12-31,1.93,2.42,3.09,6.26,8.61,8.03,1.76,2.12,1.75,2.83,3.45,2.18,8.54,7.56,5.51,6.95,8.09,9.13,0.79,5.66,6.16,5.22,3.42,2.47,6.84,3.36,6.09,1.68,-1.02,4.75,7.97,7.67,7.48,8.06,1.96,0.41,1.21,,,,,,,,,,,,,
2010-01-31,-3.59,-3.6,-4.37,-3.23,-3.39,-3.68,-2.82,-5.16,-2.02,-3.61,-4.37,-2.84,-4.47,-2.94,-3.91,-2.54,-2.67,-4.1,-3.55,-3.36,-4.02,-2.76,-2.78,-3.57,-4.55,-6.01,-3.89,-2.88,-1.83,-2.66,-4.72,-2.3,-3.39,-3.06,-4.5,-2.86,-3.7,,,,,,,,,,,,,
2010-02-28,3.1,3.28,3.42,5.19,4.28,4.48,3.13,3.46,2.74,3.38,3.49,3.26,4.37,4.62,5.56,4.83,4.78,3.79,2.46,4.99,4.95,5.01,3.09,3.31,5.76,3.21,5.35,2.88,1.62,4.64,5.16,5.25,5.03,4.82,2.88,2.38,2.62,,,,,,,,,,,,,
2010-03-31,6.01,6.11,5.76,7.1,7.76,8.14,6.46,5.68,6.34,6.26,5.9,6.61,7.93,8.29,7.82,6.4,7.75,7.78,5.83,7.04,6.82,7.26,5.46,6.15,6.74,6.02,6.75,5.5,5.82,7.63,8.5,8.07,7.12,8.21,5.32,6.16,5.74,,,,,,,,,,,,,
2010-04-30,1.57,1.84,1.1,4.25,5.85,5.64,2.57,1.25,1.86,2.15,1.35,2.94,4.2,6.95,3.77,4.71,6.63,5.02,1.12,3.75,2.94,4.46,3.17,1.93,3.65,0.93,3.9,1.4,1.07,3.67,3.43,5.18,6.71,8.48,0.43,1.75,1.06,,,,,,,,,,,,,
2010-05-31,-7.97,-7.92,-7.63,-7.2,-7.23,-7.58,-8.22,-8.04,-7.91,-7.9,-7.56,-8.24,-6.61,-8.43,-6.72,-7.68,-8.41,-5.98,-8.51,-7.36,-6.87,-7.81,-6.85,-7.89,-6.93,-8.76,-7.2,-7.9,-8.11,-7.23,-7.44,-7.65,-7.06,-8.44,-7.93,-8.41,-8.16,,,,,,,,,,,,,
2010-06-30,-5.23,-5.55,-5.5,-6.56,-7.08,-7.75,-5.6,-4.74,-5.73,-5.73,-5.6,-5.87,-6.69,-8.72,-6.31,-6.84,-8.31,-5.8,-5,-6.24,-6.34,-6.13,-3.11,-5.42,-4.98,-6.04,-6.51,-4.89,-4.89,-7.2,-5.55,-7.89,-8.43,-8.31,-5.19,-5.35,-5.25,-5.32,,,,,,,,,,,,
2010-07-31,7,6.93,7.1,6.88,6.33,6.85,6.74,6.91,7.07,6.91,7.06,6.77,6.62,7.1,6.88,6.87,6.65,5.99,7.2,7.16,6.84,7.39,7.31,6.94,5.24,6.94,8.02,6.42,7.64,6.95,6.52,7.65,7.21,5.7,7.21,6.42,6.8,6.97,,,,,,,,,,,,
2010-08-31,-4.52,-4.47,-4.66,-4.95,-7.47,-7.41,-4.29,-4.36,-4.68,-4.69,-4.89,-4.54,-7.3,-7.52,-4.49,-5.41,-7.81,-7.12,-4.72,-4.4,-4.32,-4.47,-3.12,-4.64,-3.92,-5.63,-4.63,-5.06,-2.72,-4.67,-5.84,-6.86,-7.68,-8.93,-4.82,-4.18,-4.47,-4.43,,,,,,,,,,,,
2010-09-30,8.89,9.16,10.6,11.27,11.37,12.45,7.74,10.08,7.71,9.41,10.87,7.96,14.16,10.74,12.37,10.2,10.99,11.74,8.29,10.54,12.07,9.23,7.17,9.15,11.68,11.95,10.49,7.95,6.98,8.65,13.7,10.69,12.51,12.03,10.05,7.05,8.57,9.04,,,,,,,,,,,,
2010-10-31,3.79,3.88,4.74,3.44,4.24,4.08,2.98,4.99,2.56,3.88,4.72,3.05,4.3,3.86,3.88,2.97,3.89,4.61,3.71,3.85,3.89,3.79,2.63,3.79,3.84,6.36,4.19,3.18,2.6,3.46,4.72,3.19,3.74,5.59,5.09,2.58,3.88,3.9,,,,,,,,,,,,
2010-11-30,0.01,0.3,1.15,2.95,3.55,3.47,-0.54,0.47,-0.47,0.57,1.39,-0.32,4.34,2.53,4.49,1.36,2.47,4.65,-0.38,1.8,3.24,0.5,-0.67,0.38,4.47,-0.64,1.91,0.69,-0.94,-0.07,4.11,2.37,3.81,3.47,0.35,-1.03,-0.29,0.12,,,,,,,,,,,,
2010-12-31,6.66,6.66,5.47,6.54,7.65,7.91,7.86,5.19,8.18,6.73,5.65,7.9,7.57,8.27,5.47,7.6,8.86,6.39,6.93,6.89,6.21,7.51,5.29,6.67,5.25,6,7.13,6.21,7.74,7.25,7.14,7.71,7.65,9.19,5.18,8,6.51,6.61,,,,,,,,,,,,
2011-01-31,2.36,2.37,2.53,1.98,0.13,-0.27,2.24,1.54,3.23,2.18,2.26,2.05,-0.57,0.05,1.33,2.6,-0.07,0.34,2.47,2.12,1.98,2.22,0.24,2.23,2.49,1.98,2.75,2.06,3.16,2.62,0.54,1.34,1.09,-1.18,2.74,2.26,2.49,2.39,,,,,,,,,,,,
2011-02-28,3.42,3.47,3.26,4.64,4.39,5.48,3.66,3.16,3.67,3.62,3.46,3.78,5.88,5.05,5.13,4.16,4.21,4.58,3.13,3.79,4.02,3.56,2.86,3.54,4.57,2.79,4.12,3.07,3.73,3.52,6.03,4.18,5.43,5.06,2.96,3.71,3.34,3.32,,,,,,,,,,,,
2011-03-31,0.03,0.25,0.1,2.43,3,2.58,0.38,0.28,-0.24,0.43,0.41,0.46,3.75,1.37,3.05,1.83,2.09,3.96,-0.43,1.51,1.63,1.42,2.39,0.34,2.46,-0.77,1.93,-0.39,0.47,1.01,2.62,0.98,2.89,2.7,-0.49,-0.12,-0.3,0.13,,,,,,,,,,,,
2011-04-30,2.96,2.99,3.34,2.71,2.6,2.64,2.65,3.36,2.53,2.96,3.34,2.56,3.6,1.62,3.47,1.95,1.14,4.09,2.75,2.98,3.6,2.41,2.92,2.91,2.79,2.53,2.99,3.32,3.24,2.43,3.31,1.95,2.59,1.52,3.22,2.75,3,3.04,4.46,,,,,,,,,,,
2011-05-31,-1.14,-1.09,-1.1,-1.36,-0.91,-1.87,-1.08,-0.47,-1.85,-1.16,-1.19,-1.14,-1.97,-1.8,-1.04,-1.68,-1.86,0.08,-1.57,-0.42,-0.36,-0.49,0.87,-1.16,-0.16,-1.14,-1.1,-0.76,-1.84,-0.18,-1.26,-1.24,-2.07,-2.22,-1.42,-1.36,-1.38,-1.1,1.23,,,,,,,,,,,
2011-06-30,-1.67,-1.74,-1.44,-2.05,-1.83,-2.31,-2.05,-1.26,-2.11,-1.8,-1.5,-2.1,-2.14,-2.46,-1.63,-2.46,-1.52,-2.17,-1.54,-2.08,-1.59,-2.59,-1.31,-1.71,-0.7,-0.98,-2.33,-1.98,-1.77,-3.16,-1.76,-2.4,-1.94,-2.89,-1.38,-1.81,-1.62,-1.68,-1.81,,,,,,,,,,,
2011-07-31,-2.04,-2.17,-1.01,-3.54,-3.2,-3.62,-3.33,-0.59,-3.58,-2.3,-1.26,-3.33,-3.92,-3.32,-3.1,-3.99,-2.85,-3.57,-1.15,-3.64,-3.77,-3.51,-3.06,-2.22,-3.3,0.69,-2.61,-2.44,-3.48,-4.24,-4.05,-3.7,-3.92,-2.9,0.25,-3.25,-1.52,-1.95,-2.5,,,,,,,,,,,
2011-08-31,-5.44,-5.78,-5.29,-7.13,-7.68,-8.69,-6.24,-4.76,-6.18,-6.01,-5.59,-6.47,-8.54,-8.85,-6.8,-7.47,-7.8,-7.57,-5.2,-6.89,-6.84,-6.93,-0.57,-5.66,-7.27,-5.55,-7.34,-4.49,-5.85,-6.89,-8.36,-7.97,-8.77,-10.5,-4.61,-5.93,-5.27,-5.52,0,,,,,,,,,,,
2011-09-30,-7.02,-7.45,-7.37,-10.58,-10.29,-11.17,-7.55,-6.6,-7.49,-7.76,-7.69,-7.81,-11.47,-10.89,-10.15,-11.04,-10.73,-9.84,-6.21,-9.62,-10.06,-9.21,-4.61,-7.43,-10.48,-7.23,-9.27,-6.14,-7.03,-9.19,-9.7,-9.85,-12.86,-11.08,-6.24,-6.85,-6.54,-7.19,-1.57,,,,,,,,,,,
2011-10-31,10.9,11.17,10.94,13.71,14.97,15.08,11.4,10.55,11.26,11.47,11.31,11.6,15.87,14.31,13.29,14.16,15.4,14.56,9.91,12.98,13.47,12.52,8.05,11.26,13.3,11.88,14.31,9.93,10.15,11.69,14.68,14.94,15.28,13.44,9.91,10.94,10.41,10.94,5.43,,,,,,,,,,,
2011-11-30,-0.22,-0.27,-0.03,-0.32,0.62,-0.34,-0.54,-0.15,-0.31,-0.28,-0.06,-0.51,-0.52,-0.17,-1.1,0.49,0.67,0.55,0.04,-0.51,-0.51,-0.53,1.46,-0.21,-0.92,-0.88,-0.32,0.47,-0.48,-0.39,-0.27,0.03,-0.74,-0.96,0.16,-0.55,-0.17,-0.3,2.26,1.13,,,,,,,,,,
2011-12-31,1.01,0.83,-0.32,-0.38,1.24,0.66,2,0.32,1.8,0.81,-0.33,1.96,-0.22,1.54,-1.65,0.93,2.02,0.52,1.69,-0.13,-1.5,1.22,2.62,0.89,-3.3,-0.82,0.87,1.45,2.85,1.5,-0.79,1.74,0.71,1.39,0.15,2.32,1.23,0.9,3.82,2.65,,,,,,,,,,
2012-01-31,4.47,4.85,5.95,6.59,6.57,7.06,3.76,4.11,4.87,5.03,6.06,3.98,7.48,6.63,6.83,6.31,7.84,5.34,4.17,6.04,7.23,4.91,-0.02,4.71,7.65,6.25,7.05,4.59,2.22,5.05,6.41,5.93,6.76,8.46,5.43,3.28,4.37,4.71,-1.71,1.46,,,,,,,,,,
2012-02-29,4.31,4.37,4.76,4.48,2.1,2.39,3.96,4.43,4.15,4.21,4.66,3.76,3.3,1.47,4.98,3.93,1.77,2.45,4.59,4.13,4.45,3.82,3.09,4.23,5.19,6.37,3.79,3.84,3.19,4.24,3.32,2.98,3.88,2.08,4.9,4.02,4.45,4.39,3.04,2.18,,,,,,,,,,
2012-03-31,3.27,3.11,3.26,1.88,2.89,2.56,2.94,3.2,3.35,3.07,3.18,2.96,2.03,3.09,1.65,2.09,2.8,2.98,3.53,2.23,2.19,2.24,1.87,3.13,1.85,3.9,2.2,3.79,2.53,2.16,2.35,2.27,1.88,4.01,3.71,3.25,3.48,3.16,2.63,2.57,,,,,,,,,,
2012-04-30,-0.63,-0.58,-0.17,-0.24,-1.24,-1.55,-1.03,-0.04,-1.34,-0.66,-0.3,-1.07,-1.65,-1.45,-0.09,-0.39,-1.8,-0.71,-0.67,-0.33,-0.02,-0.69,1.32,-0.63,-0.85,-0.1,-0.18,-1.02,-0.51,-0.77,-1.02,-1.07,-0.69,-1.54,-0.23,-1.19,-0.67,-0.59,1.42,1.42,,,,,,,,,,
2012-05-31,-6.01,-6.15,-6.41,-6.48,-6.28,-6.6,-5.86,-5.47,-6.68,-6.18,-6.48,-5.89,-7.1,-6.1,-6.3,-6.7,-7.14,-5.42,-5.73,-6.71,-7.36,-6.04,-3.17,-6.06,-8.08,-6.14,-6.67,-5.51,-5.99,-7.09,-6.9,-5.65,-6.97,-6.61,-6.04,-5.79,-5.92,-6.14,-1.62,-2.48,,,,,,,,,,
2012-06-30,4.12,3.81,2.68,1.88,4.17,4.98,4.94,3.63,4.7,3.9,2.88,4.93,5.17,4.79,0.75,3.13,4.29,4.07,4.55,2.8,1.86,3.64,3.29,3.93,3.07,2.57,2.53,4.54,5.12,2.99,4.96,4.3,3.09,6.53,3,5.47,4.22,3.91,5.06,3.89,,,,,,,,,,
2012-07-31,1.38,1.18,1.33,-0.05,-0.76,-1.34,1.01,1.81,0.85,0.97,1.09,0.86,-1.71,-1,0.12,-0.25,-0.46,-1.06,2.05,0.22,-0.14,0.54,2.1,1.17,-0.04,2.16,0.1,1.13,1.36,0.42,-1.52,-1.13,-1.03,-1.58,1.89,1.26,1.55,1.37,3.3,1.87,,,,,,,,,,
2012-08-31,2.24,2.42,2.67,3.47,3.78,3.34,2.16,2.28,2.16,2.49,2.75,2.22,3.62,3.07,4.11,2.79,3.94,3.62,1.98,3.14,3.4,2.9,-0.3,2.38,3.58,2.83,2.74,2.33,1.45,2.37,4.11,2.89,3.96,2.49,2.41,1.81,2.12,2.33,-1.7,-0.1,,,,,,,,,,
2012-09-30,2.57,2.56,1.94,1.93,2.33,3.29,3.14,2.11,3.11,2.6,2.02,3.18,3.01,3.55,1.7,2.16,3.15,1.53,2.8,2.11,1.98,2.21,1.78,2.51,1.87,2.06,1.43,1.98,3.67,2.96,2.5,2.88,1.76,4.96,1.9,3.56,2.72,2.53,1.93,1.51,,,,,,,,,,
2012-10-31,-1.85,-1.71,-2.92,-0.8,-2.02,-2.17,-0.5,-2.83,-0.68,-1.74,-2.96,-0.57,-3.09,-1.26,-1.13,-0.46,-1.87,-2.2,-2.45,-1.02,-2.28,0.1,0.36,-1.78,-2.77,-4.18,-0.19,-0.98,-0.61,0.23,-3.46,0.23,-1.34,-3.14,-3.15,-0.77,-1.98,-1.81,-0.9,-0.98,,,,,,,,,,
2012-11-30,0.58,0.79,1.65,2.2,0.99,0.54,-0.07,0.93,0.14,0.75,1.59,-0.04,0.78,0.29,2.57,1.8,1.59,0.42,0.29,1.62,2.21,1.11,-0.29,0.73,1.78,2.33,2.36,0.8,-1.83,1.08,0.59,0.63,1.54,-0.06,1.44,-0.58,0.43,0.63,-0.71,0.17,,,,,,,,,,
2012-12-31,0.91,1.02,-0.05,2.18,3.3,3.54,2.06,-0.16,2.15,1.22,0.17,2.21,2.89,4.17,1.29,3.08,3.47,3.11,0.19,2.25,1.81,2.62,0.18,1.09,2.14,-0.83,1.84,1.04,1.77,2.97,3.06,2.97,3.16,3.29,-0.76,1.78,0.53,0.94,-1.13,-0.82,,,,,,,,,,
2013-01-31,5.17,5.41,4.26,7.22,5.78,6.25,6.46,3.93,6.48,5.45,4.44,6.42,6.58,5.93,6.99,7.43,5.47,6.08,4.51,6.81,6.13,7.4,4.96,5.35,6.7,3.02,6.56,6.26,5.53,7.67,5.91,7.49,6.14,5.88,3.51,6.03,4.8,5.29,5.48,5.07,,,,,,,,,,
2013-02-28,1.36,1.33,1.23,0.97,1.4,1.12,1.42,1.33,1.34,1.32,1.22,1.39,1.08,1.14,0.32,1.64,1.64,1.15,1.4,1.41,1,1.74,1.6,1.33,0.68,0.91,1.77,1.81,1.3,1.56,1.37,1.52,1.48,0.67,1.34,1.27,1.29,1.27,2.15,2.69,,,,,,,,,,
2013-03-31,3.74,3.84,3.74,4.77,4.23,4.61,3.94,3.76,3.7,3.89,3.84,3.96,5.1,4.15,4.4,5.11,4.13,4.31,3.32,4.23,3.96,4.46,4.83,3.84,3.13,3.1,4.3,4.41,3.5,5.55,4,5.15,5.14,5.48,3.63,3.7,3.66,3.72,4.14,5.09,,,,,,,,,,
2013-04-30,1.92,1.8,2.1,0.62,-0.25,-0.36,1.49,2.03,1.76,1.63,1.88,1.36,-0.64,-0.11,1.2,0,0.04,-0.57,2.18,1.26,1.46,1.08,3.18,1.72,0.87,1.65,0.15,2.92,1.98,1.73,-1.01,-0.35,-0.54,-0.07,2.34,1.68,2.02,1.96,4.89,2.72,,,,,,,,,,
2013-05-31,2.33,2.22,1.84,2.25,4.35,3.99,2.55,2.19,2.47,2.34,2.08,2.57,5.08,2.97,2.28,2.22,4.31,4.37,2.32,2.13,2.61,1.71,-1.31,2.4,2.57,1.53,2.09,2.4,2.53,2.68,4.55,2.41,3.6,4.41,1.53,2.93,2.23,2.09,-2.29,-2.44,-0.08,3.11,0.02,,,,,,,
2013-06-30,-1.35,-1.38,-1.89,-1.84,-0.1,-0.51,-0.9,-1.76,-0.93,-1.31,-1.79,-0.87,-0.61,-0.42,-2.45,-1.23,0,-0.32,-1.65,-1.21,-1.22,-1.19,-0.08,-1.33,-1.4,-2.29,-2.01,-0.74,-1.09,-0.27,0.24,-1.9,-1.13,0.65,-2.15,-0.77,-1.43,-1.32,-0.04,-0.33,-0.95,-1.34,-0.44,,,,,,,
2013-07-31,5.08,5.34,5.28,6.18,6.83,7.01,5.36,5.06,5.07,5.45,5.46,5.46,7.57,6.42,6.06,6.28,6.42,7.23,4.95,5.77,6.18,5.28,5.51,5.23,6.63,5.61,5.54,4.58,4.79,6.17,7.43,7.08,6.28,7.69,4.83,5.4,5.12,5.22,3.18,3.62,6.3,5.4,5.2,,,,,,,
2013-08-31,-2.9,-2.77,-1.73,-3.75,-2.43,-3.17,-3.79,-2.24,-3.59,-2.79,-1.74,-3.84,-1.94,-4.43,-3.62,-3.9,-3.35,-1.52,-2.96,-2.67,-1.92,-3.5,-4.19,-2.94,-1.48,-1.21,-3.25,-3.2,-4.35,-3.28,-0.55,-4.65,-3.78,-2.9,-1.63,-3.91,-2.8,-2.76,-3.52,-3.23,-3.44,-3.06,-3.27,-1.94,,,,,,
2013-09-30,3.13,3.47,4.44,5.21,6.21,6.37,2.49,3.75,2.45,3.69,4.63,2.75,6.96,5.76,5.7,4.66,6.43,5.98,2.47,4.56,4.91,4.17,3.3,3.41,5.16,4.82,4.85,2.76,1.42,4.3,6.74,4.41,5.96,6.79,4.23,1.81,3.01,3.31,1.06,2.54,3.13,2.7,3.36,3.7,,,,,,
2013-10-31,4.6,4.39,4.4,3.71,3.62,2.51,4.34,4.78,4.34,4.23,4.19,4.25,1.85,3.23,3.23,4.16,3.51,3.7,4.85,3.52,2.61,4.53,5.26,4.48,1.09,5.22,4.55,4.57,4.15,4.56,2.19,3.96,3.16,1.72,5.26,4.26,4.77,4.41,5.16,4.7,5.21,4.47,4.16,4.75,,,,,,
2013-11-30,3.03,2.79,2.79,1.31,4.5,4.01,2.77,3.24,2.8,2.89,2.9,2.86,4.1,3.88,1.67,0.95,4.21,4.79,3.19,1.64,2.19,1.04,1.06,2.94,2.13,2.98,1.25,2.88,3.21,2.34,3.04,3.37,3.56,6.11,3.08,3.48,3.28,2.83,0.96,1.35,3.07,3.32,1.54,4.06,,,,,,
2013-12-31,2.53,2.69,2.83,3.08,1.45,1.97,2.5,2.68,2.32,2.62,2.77,2.45,2.06,1.87,3.27,2.86,1.58,1.3,2.3,2.96,3.15,2.69,1.86,2.52,3.81,3.13,3.15,1.43,2.79,2.84,2.02,2.87,1.88,2.15,2.68,2.44,2.57,2.68,0.68,1.24,2.98,2.58,2.36,2.42,,,,,,
2014-01-31,-3.46,-3.21,-2.85,-2.13,-3.86,-2.77,-3.56,-2.96,-4,-3.17,-2.78,-3.59,-1.72,-3.87,-2.58,-1.68,-3.64,-4.12,-4.02,-1.96,-2.18,-1.71,-2.51,-3.36,-1.22,-2.92,-1.62,-3.39,-4.18,-3.56,-2.76,-2.82,-3.1,-0.64,-3.17,-4.32,-3.75,-3.4,-3.81,-2.99,-2.25,-3.92,-2.53,-4.14,,,,,,
2014-02-28,4.57,4.74,5.11,4.88,4.45,4.7,4.31,5.22,3.82,4.72,5.1,4.31,4.82,4.56,5.29,4.42,4.61,4.27,3.9,5.85,6.25,5.38,3.5,4.59,5.9,5.45,6.03,4.16,3.43,5.68,4.6,4.71,5.6,4.57,4.58,3.82,4.22,4.67,3.17,4.33,6.63,4.22,4.84,4.84,,,,,,
2014-03-31,0.83,0.62,-1.02,0.37,0.69,-0.68,2.36,-0.74,2.55,0.51,-1.15,2.27,-2.46,1.23,-0.48,1.23,1.25,0.08,1.32,-0.28,-1.86,1.52,2.73,0.79,-2.7,-2.45,0.43,2.46,2.81,1.71,-2.81,1.32,0.77,-0.99,-0.61,2.73,1.02,0.69,3.31,0.82,-3.39,1.87,0.89,-0.49,,,,,,
2014-04-30,0.73,0.46,-0.01,-1.57,-2.8,-3.87,0.93,0.28,1.2,0.11,-0.42,0.65,-5.13,-2.58,-2.84,-0.26,-2.25,-3.41,1.09,-0.59,-1.48,0.41,2.07,0.41,-1.94,0.77,-1.21,-0.14,1.64,0.66,-3.75,-1.04,-2.16,-5.94,0.68,1.17,0.94,0.57,3.29,1.39,-0.88,0.89,0.78,0.92,,,,,,
2014-05-31,2.34,2.29,3.1,1.77,0.26,0.8,1.44,3.34,1.25,2.17,2.92,1.38,0.96,0.63,1.86,1.65,0.66,-0.2,2.23,2.2,2.68,1.64,0.67,2.22,1.72,3.93,2.65,2.33,0.9,1.69,0.64,1.04,1.3,-0.26,3.27,1.35,2.31,2.37,0.56,1.15,3.98,1.9,2,2.15,,,,,,
2014-06-30,2.06,2.26,1.93,4.13,4.71,5.32,2.59,2.05,2.04,2.49,2.25,2.74,6.2,4.41,3.93,4.31,3.88,5.58,1.62,3.27,3.11,3.45,2.95,2.32,3.87,2.48,3.2,1.3,1.94,3.39,6.14,4.06,4.82,4.99,1.38,2.22,1.8,2.12,2.4,1.3,2.07,2.11,2.34,0.59,,,,,,
2014-07-31,-1.38,-1.62,-1.54,-4.29,-5.5,-6.04,-1.72,-1.26,-1.54,-1.98,-1.88,-2.05,-6.04,-6.04,-4.22,-4.36,-5.06,-5.99,-0.61,-2.96,-3,-2.93,-4.26,-1.76,-3.14,-0.9,-2.51,-1.94,-0.85,-3.42,-6.17,-4.66,-5.25,-6.73,-0.87,-1.19,-1.03,-1.4,-2.23,-1.53,-1.08,-1.34,-2.63,-0.83,-2.59,,,,,
2014-08-31,3.99,4.12,4.55,5.03,4.28,4.96,3.65,4.33,3.59,4.18,4.64,3.71,5.58,4.33,4.88,5.26,4.46,4.07,3.75,4.81,5.36,4.21,4.07,4.09,5.74,4.75,4.56,3.95,2.96,4.36,5.37,4.66,4.94,4.58,4.2,3.4,3.82,3.98,3.45,4.06,4.64,3.75,4.23,4.51,4.14,,,,,
2014-09-30,-1.4,-1.76,-1.46,-4.56,-5.35,-6.03,-2.08,-1.11,-1.76,-2.09,-1.75,-2.43,-5.32,-6.74,-3.76,-5.35,-6.04,-4.62,-0.76,-3.34,-2.91,-3.82,-2.92,-1.79,-3.69,-1.59,-3.07,-0.3,-1.88,-4.05,-5.03,-6.21,-5.49,-5.87,-0.8,-1.31,-1.05,-1.57,-0.58,-0.79,-0.61,-1.95,-2.04,-1.04,-1.07,,,,,
2014-10-31,2.44,2.44,2.61,3.56,7.06,6.6,2.22,2.92,1.88,2.72,2.89,2.59,6.22,6.96,3.06,4.04,7.14,6.96,1.78,3.06,2.75,3.41,5.84,2.67,3.52,2.62,3.39,3.67,0.64,2.1,5.33,6.03,5.34,6.38,2.56,1.73,2.14,2.42,1.94,4.3,2.31,2.05,3.91,2.88,2.96,,,,,
2014-11-30,2.68,2.6,3.16,1.85,-0.26,0.09,2.03,3.03,2.27,2.42,2.97,1.84,0.65,-0.48,2.42,1.24,0.3,-0.95,2.53,2.55,3.27,1.77,0.91,2.51,2.39,2.74,2.79,4.07,1.24,1.6,0.14,1.38,0.89,-0.47,3.09,2.12,2.64,2.64,1.92,3.41,3.75,2.14,2.76,2.37,2.96,,,,,
2014-12-31,-0.25,-0.25,-1.05,0.81,2.84,2.87,0.6,-0.97,0.54,-0.01,-0.74,0.77,2.99,2.74,0.23,1.42,2.71,3.02,-0.72,0.21,-0.3,0.73,1.44,-0.06,-0.67,-1.18,0.44,-0.15,0.2,0.98,1.71,1.76,1.23,5.1,-1.39,0.55,-0.46,-0.31,-1.2,0.09,-1.05,0.25,0.57,-0.35,0.41,,,,,
2015-01-31,-3.01,-2.75,-1.55,-1.12,-3.47,-3.22,-4,-1.68,-4.45,-2.8,-1.6,-4.01,-2.25,-4.18,0.54,-3.02,-5.24,-1.8,-3.48,-1.57,-1.7,-1.44,-0.48,-2.88,-0.72,-0.44,-1.73,-4.23,-4.61,-2.42,-1.67,-3.72,-2.74,-4.14,-1.49,-5.12,-3.27,-2.84,-1.92,-0.49,-0.6,-4.03,-1.74,-1.69,-3.66,,,,,
2015-02-28,5.74,5.77,6.66,5.11,5.99,5.95,4.83,5.97,5.48,5.78,6.71,4.82,7.21,4.64,4.45,5.86,5.87,6.18,5.96,5.52,6.86,4.07,0.61,5.71,6.86,6.61,5.67,5.28,5.2,4.69,7.09,5.17,5.63,5.36,6.55,5.14,5.86,5.82,3.5,3.65,5.44,5.98,4.46,6.02,5.33,,,,,
2015-03-31,-1.59,-1.26,-1.16,1.33,1.58,1.74,-1.38,-1.68,-1.5,-1.03,-0.92,-1.13,1.8,1.68,2.35,0.12,0.92,2.19,-2.41,0.05,0.26,-0.19,-1.19,-1.24,1.17,-1.24,0.46,-2.17,-1.83,-0.54,1.31,1.09,1.35,2.2,-1.79,-1.88,-1.84,-1.44,-2.55,-0.74,-1.16,-1.47,-0.45,-1.57,-1.72,,,,,
2015-04-30,0.95,0.7,0.49,-1.51,-2.34,-2.56,0.92,0.47,1.49,0.44,0.22,0.68,-2.95,-2.15,-2.57,-0.35,-1.78,-2.85,1.71,-0.92,-0.71,-1.16,0.5,0.61,-0.85,-0.04,-1.26,1.02,2.71,-0.08,-2.97,-2.13,-2.25,-2.38,1.04,1.83,1.43,0.88,2.91,-0.58,-0.88,1.2,-0.65,0.3,0.38,,,,,
2015-05-31,1.28,1.3,1.4,1.77,1.56,2.29,1.19,1.76,0.72,1.37,1.59,1.17,3.69,0.82,2.58,0.91,0.82,2.2,1.32,1.45,1.17,1.76,0.06,1.33,0.62,1.81,2.18,1.35,0.59,1.27,3.15,0.35,2.61,3,1.49,0.93,1.22,1.34,-0.8,1.07,3.28,1.02,1.27,1.44,1.02,2.52,3.32,,,
2015-06-30,-1.94,-1.89,-1.78,-1.33,1.03,0.76,-2.01,-1.93,-1.98,-1.69,-1.53,-1.83,1.36,0.14,-0.93,-1.76,0.44,1.59,-1.79,-2.08,-1.63,-2.58,-3.27,-1.79,-0.88,-1.1,-2.22,-2.42,-2.38,-2.52,1.1,-1.89,-0.15,2.17,-1.85,-1.74,-1.79,-1.9,-2.91,-2.23,-0.27,-1.99,-2.06,-1.97,-2.38,-1.44,0.9,,,
2015-07-31,2.1,1.93,3.37,0.13,-0.86,-1.16,0.46,3.6,0.41,1.68,3.14,0.2,0.42,-2.78,2.32,-2.23,-2.79,1.01,2.7,0.73,1.6,-0.15,1.56,1.84,1.62,4.21,0.74,2,0.62,0.05,0.88,-1.8,-2.01,-3.22,4.13,0.66,2.43,1.98,1.37,3.94,3.87,0.76,2.25,2.92,1.94,1.41,1.02,,,
2015-08-31,-6.03,-6.02,-6.08,-5.58,-5.17,-6.28,-5.98,-6.09,-5.99,-6.05,-6.2,-5.88,-7.58,-4.92,-6.57,-4.5,-4.5,-5.86,-6.52,-5.29,-5.84,-4.75,-3.73,-5.97,-6.12,-6.64,-5.52,-6.17,-5.83,-4.31,-7.18,-4.42,-5.5,-5.4,-6.19,-6.49,-6.34,-6.01,-4.9,-4.49,-5.96,-6,-5.33,-5.37,-5.81,-5.92,-5.01,,,
2015-09-30,-2.48,-2.75,-2.49,-3.23,-3.51,-4.9,-3.02,-2.22,-2.79,-2.93,-2.77,-3.06,-6.28,-3.48,-2.73,-3.79,-3.84,-3.2,-2.16,-3.6,-3.87,-3.35,-0.13,-2.57,-4.45,-2.65,-3.8,-2.47,-2.07,-2.79,-5.22,-4.08,-4.38,-5.81,-1.9,-2.87,-2.36,-3.87,-0.92,-0.57,-1.93,-2.86,-1.91,-1.23,-1.44,-2.18,-2.6,,,
2015-10-31,8.43,8.09,8.59,5.63,6.1,5.65,7.53,9.38,7.3,7.89,8.38,7.39,5.69,5.61,5.16,6.15,6.44,5.75,9.41,6.19,6.27,6.09,5.65,8.15,5.22,9.85,7.12,8.31,7.52,5.92,5.5,6.09,5.5,5.47,9.53,8.13,8.86,7.06,8.05,5.96,7.26,7.38,6.47,8.59,7.66,6.16,4.76,,,
2015-11-30,0.29,0.32,0.27,1.35,2.68,3.28,0.37,0.1,0.5,0.55,0.52,0.57,3.71,2.86,1.24,1.45,2.64,2.68,0.23,0.25,0.21,0.3,0.1,0.45,0.37,0.36,0.51,-0.17,0.48,0.69,3.24,2.32,2.26,3.87,0.28,0.42,0.34,0.3,-1.12,-0.21,0.51,-0.68,0.44,0.41,0.11,-0.12,2.49,,,
2015-12-31,-1.58,-1.81,-1.49,-4.16,-4.78,-5.01,-2.16,-1.53,-1.69,-2.06,-1.72,-2.4,-4.76,-5.28,-3.38,-5.11,-5.13,-4.43,-1.49,-2.69,-2.28,-3.11,-1.41,-1.88,-3.03,-2.45,-3.03,-0.58,-1.18,-2.31,-4.19,-5.37,-5.22,-5.21,-1.16,-1.75,-1.43,-2.71,-0.31,0.51,-0.07,-2.11,-1.84,-1.64,-1.31,-1.88,-3.83,,,
2016-01-31,-4.96,-5.39,-5.59,-5.69,-6.18,-8.79,-5.17,-5.05,-4.9,-5.65,-5.96,-5.28,-10.81,-6.73,-5.85,-5.56,-5.87,-6.45,-4.61,-6.56,-7.58,-5.53,-0.85,-5.68,-8.36,-6.16,-6.47,-5.2,-3.4,-5.45,-10.81,-6.94,-5.95,-10.35,-4.8,-5.03,-4.9,-6.43,0.2,-1.41,-3.7,-8.14,-4.67,-4.48,-3.23,-5.76,-5.86,,,
2016-02-29,-0.14,-0.04,-0.05,1.4,1.12,0,-0.04,-0.79,0.53,-0.04,-0.1,0.02,-0.69,0.69,0.57,2.23,2.14,0.18,-0.71,1.12,1.55,0.68,2.86,-0.02,0.03,-1.51,0.94,0.04,0.05,2.86,-0.13,1.82,2.12,-1.47,-0.67,-0.35,-0.52,0.86,0.92,1.07,-1.32,1.25,0.91,0.53,0.68,1.06,0.47,,,
2016-03-31,6.78,6.95,6.72,8.52,8.21,8,7.19,6.7,6.84,7.02,6.81,7.28,7.68,8.3,6.88,10.11,9.4,7.07,6.34,8.17,7.12,9.21,7.37,7.04,8.35,6.67,8.05,5.82,6.93,8.18,7.82,10.34,7.91,7.09,6.55,6.28,6.43,8.05,6.01,6.01,5.25,7.05,7.33,6.34,6.15,7.13,6.21,,,
2016-04-30,0.38,0.53,-0.92,1.22,1.17,1.58,2.07,-1.28,2.09,0.6,-0.78,2.09,1.01,2.1,0.66,1.71,2.08,0.29,0.37,1.03,-0.07,2.11,0.48,0.62,1.04,-1.54,0.54,1.29,1.36,1.56,1.63,2.5,1.13,3.28,-1.25,2.04,0.32,1.56,1.04,-0.45,-0.66,0.75,0.54,-0.35,1.25,-0.86,0,,,
2016-05-31,1.79,1.74,1.93,2.3,1.66,2.25,1.54,2.66,0.89,1.77,2,1.57,2.71,1.83,3.26,1.4,0.48,2.78,1.66,1.62,1.62,1.61,1.01,1.79,2.28,2.81,2.36,1.05,1.45,0.6,3.06,0.72,1.46,1.31,2.03,1.51,1.79,1.54,1.61,1.58,2.45,1.47,1.77,1.01,1.57,0.75,2.6,,,
2016-06-30,0.25,0.21,-0.42,0.41,0.59,-0.05,0.84,-0.37,0.88,0.19,-0.4,0.82,-0.46,0.33,0.32,0.46,0.76,0.42,0.17,0.44,-0.03,0.88,3.74,0.19,-0.4,-1.84,0.24,1.21,1.41,0.66,0.24,-0.64,0.02,-0.62,-0.55,0.81,0.1,-0.05,3.41,4.56,2.98,-1.22,1.02,0.51,1.04,0.11,-0.03,,,
2016-07-31,3.68,3.8,4.7,4.28,5.1,5.97,2.89,4.63,2.7,3.95,4.84,3.1,6.55,5.39,4.5,4.07,5.15,5.01,3.78,4.54,4.93,4.23,2,3.97,4.6,4.94,4.95,4.07,1.83,3.6,6.25,4.69,5.98,5.28,4.62,2.3,3.5,4.53,0.75,1.47,2.67,4.53,3.21,3.03,3.01,3.34,4.67,,,
2016-08-31,0.14,0.12,-0.51,0.49,1.35,1.76,0.75,-0.3,0.58,0.24,-0.37,0.87,1.07,2.4,0.59,0.37,1.12,1.57,0.11,-0.27,-0.32,-0.25,-1.01,0.28,-0.8,-0.89,-0.49,0.53,0.79,1.39,0.39,1.78,1.65,2.66,-0.59,1.2,0.26,0.2,-1.06,-1.96,-1.47,1.21,-0.13,-0.19,0.04,0.6,0.64,,,
2016-09-30,0.01,0.07,0.36,-0.64,0.66,1.12,-0.22,0.38,-0.38,0.15,0.46,-0.13,1.44,0.77,-1.38,0.01,0.86,0.45,-0.05,0.19,-0.06,0.41,0.29,0.17,0.24,0.06,-0.54,0.4,-0.44,1.34,0.36,0.95,-0.67,2.94,0.52,-0.52,0.02,0.2,0.15,-0.67,0.47,0.73,-0.37,-0.11,-1.11,0.43,0.81,,,
2016-10-31,-1.83,-1.96,-2.36,-2.68,-4.45,-4.73,-1.56,-2.14,-1.54,-2.18,-2.63,-1.67,-6.19,-3.25,-3.33,-2.11,-3.73,-5.21,-1.41,-3.19,-4.08,-2.45,-1.91,-2.24,-3.86,-2.37,-3.37,-1.23,-1.33,-1.45,-6.1,-3.35,-3.5,-5.71,-1.75,-1.15,-1.46,-2.55,-2.5,-2.8,-1.97,-1.24,-2.24,-2.04,-1.41,-1.83,-2.87,-1.99,,
2016-11-30,3.7,3.93,2.16,8,12.53,11.15,5.68,1.22,6.28,4.46,2.66,6.27,8.96,13.28,5.77,9.95,13.31,11.78,2.96,5.38,4.33,6.23,3.75,4.42,3.95,1.09,4.78,2.92,5.75,8.49,7.29,12.26,9.83,11.68,1.4,5.43,3.34,5.11,1.22,0.63,-0.61,6.98,4.02,2.95,4.82,6.15,11.02,5.23,,
2016-12-31,1.97,1.87,1.23,2.17,3.31,2.78,2.48,1.41,2.52,1.94,1.25,2.62,1.36,4.1,2.36,1.9,3.15,3.47,2.44,1.13,0.34,1.76,2.23,1.96,0,0.95,1.32,2.3,3.16,1.32,0.67,2.12,2.33,4.59,1.53,2.82,2.15,0.96,3.24,2.37,1.03,2.19,1.67,2.01,1.86,2.16,3.82,3.1,,
2017-01-31,1.89,2,3.35,1.68,-0.4,0.4,0.7,2.97,0.65,1.87,3.01,0.71,1.64,-0.71,1.93,1.37,-1.12,0.23,1.44,2.4,3.32,1.67,1.49,1.95,3.82,3.75,2.32,1.93,0.2,1.68,2.78,1.32,0.44,-1.63,3.36,0.26,1.85,2.45,-0.66,1.31,3.33,1.34,1.9,1.22,1.18,2.06,-0.25,0.5,,
2017-02-28,3.97,3.85,4.14,2.6,1.56,1.92,3.58,4.06,3.84,3.7,4,3.7,2.45,1.42,3.17,1.94,1.39,1.72,4.47,2.82,2.85,2.78,2.82,3.69,2.9,3.81,3.99,4.73,3.76,2.12,2.22,1.52,1.98,0.98,4.57,3.94,4.26,3.2,3.72,4.52,3.69,4.6,4,4.69,4.72,3.6,0.79,2.3,,
2017-03-31,0.11,0.05,1.14,-0.39,-0.07,0.14,-1.03,1.24,-1.21,0.05,1.14,-1.16,1.2,-0.84,-0.12,-0.7,-0.67,0.42,0.06,-0.18,0.54,-0.75,-0.5,0.08,0.59,1.28,-0.17,0.64,-1.46,-0.62,0.64,-1.42,-0.12,0.81,1.34,-1.16,0.15,-0.14,-0.17,0.1,2.13,-1.14,-0.26,-0.03,-0.06,-0.63,0.03,0.9,,
2017-04-30,1.03,1.05,2.27,0.83,0.9,1.1,-0.19,1.93,-0.08,1.05,1.92,-0.06,1.85,0.41,1.62,-0.07,0.56,1.19,1,0.76,1.46,0.17,0.44,1.04,2,3.53,0.79,0.77,-0.86,-0.28,1.29,-0.3,1.15,1.11,2.54,-0.37,1.15,0.84,-0.67,1.45,2.52,0.19,0.95,0.55,1.05,0.79,1.43,1.9,,
2017-05-31,1.4,1.27,2.58,-0.49,-2.15,-2.03,-0.11,2.81,-0.33,1.01,2.65,-0.42,-0.89,-3.12,0.44,-1.54,-2.28,-2.03,1.03,0.9,2.36,-0.32,0.77,1.01,1.98,3.05,0.64,2.23,-0.55,-0.87,1.32,-4.31,-2.21,-2.32,2.65,-0.02,1.39,0.68,1.33,2.05,4.81,-0.11,1.37,1.56,1.04,1.81,-2.41,0.4,,
2017-06-30,0.62,0.69,-0.28,1.61,3,3.45,1.61,-0.41,1.88,0.89,-0.27,1.91,3.43,3.49,1.13,2.13,3.01,2.94,0.55,0.98,0.27,1.46,0.75,0.93,1.09,-0.64,0.14,0.67,1.84,1.27,2.79,2.74,2.49,5.14,-0.46,1.67,0.58,1.23,-0.64,-0.41,0.38,1.22,0.94,0.58,1.34,0.56,2.87,1,,
2017-07-31,2.05,1.96,2.64,0.87,0.95,0.75,1.31,2.59,1.36,1.87,2.47,1.34,0.86,0.62,0.78,0.94,0.66,1.21,2.12,1.45,1.66,1.31,0.64,1.86,1.96,3.65,1.3,0.72,1.78,1.33,1.3,1.2,0.61,-0.54,2.96,1.32,2.17,1.47,1.64,2,3.41,1.93,1.44,0.93,1.15,1.85,1.08,0.83,,
2017-08-31,0.3,0.3,1.82,-1.53,-2.58,-1.27,-1.18,1.46,-1.17,0.18,1.32,-1.24,-0.11,-2.47,-1.04,-2.08,-2.76,-2.41,0.72,-0.78,0.68,-1.89,-0.71,0.2,0.38,0.94,-0.52,1.56,-0.6,-2.28,-0.11,-2.22,-2.06,-0.86,2.18,-0.85,0.73,-0.77,-0.43,0.82,1.48,0.24,-0.38,0.55,0.44,-0.14,-1.53,0,-0.8,
2017-09-30,2.06,2.13,1.3,3.92,7.74,6.24,2.94,1.1,3.27,2.43,1.26,3.39,5.45,7.07,3.41,4.42,8.54,6.89,1.78,2.76,2.81,2.71,2.44,2.47,1.75,0.91,3.15,1.18,3.61,3.83,4.11,5.8,5.43,8.2,0.81,3.05,1.87,2.71,3.07,0.52,2.86,3.53,1.8,2.65,2.63,3.07,6.12,1.9,4.56,
2017-10-31,2.33,2.28,3.85,2.26,0.94,0.84,0.72,3.26,1.14,2.16,3.27,1.13,1.55,0.11,3.42,0.99,0.63,1.25,2.36,1.65,2.77,0.79,1.22,2.17,2.77,3.44,1.68,2.24,1.5,0.48,3.13,-0.09,0,-0.19,4.2,0.68,2.55,1.16,-0.33,1.93,4.98,2.55,1.6,2.86,2.09,2.9,1.97,1.17,1.49,
2017-11-30,3.06,3.03,3.02,3.67,3.51,2.87,3.05,2.8,3.37,3.02,2.88,3.42,2.87,2.86,3.63,3.69,3.72,3.29,3,3.35,3.33,3.36,4.01,3.07,3.35,2.42,3.71,3.12,3.03,3.71,2.17,3.22,4.15,2.38,2.92,2.9,2.91,3.75,3.71,3.12,2.79,4.24,3.73,3.72,4.22,3.79,2.83,3.26,3.25,
2017-12-31,1.11,1.11,0.77,0.21,-0.54,-0.39,1.44,0.57,1.66,0.99,0.54,1.57,0.11,-0.95,-0.15,0.56,-0.37,-0.68,1.39,0.91,0.53,1.22,0.76,1.01,0.31,1.01,1.09,0.43,1.8,1.81,-0.25,0.74,0.71,-0.55,0.85,1.54,1.18,1.12,2.18,0.2,0.09,1.62,0.43,1.11,1.05,-0.11,-1.19,-0.98,0.33,1.47
2018-01-31,5.72,5.47,7.07,2.88,2.51,2.62,3.86,7.21,4.14,5.25,7,3.96,3.9,1.24,4.33,1.31,1.44,3.54,5.89,3.75,5.64,2.28,2.09,5.29,5.81,9.25,3.32,3.66,4.59,3.1,4.01,1.12,1.99,2.51,7.47,4.59,6.13,4.51,2.38,3.49,8.19,4.33,3.9,4.57,4.9,4.09,3,1.45,3.02,4.73
2018-02-28,-3.69,-3.68,-2.64,-4.43,-3.77,-3.87,-4.78,-2.04,-5.49,-3.7,-2.16,-5.46,-2.85,-4.99,-3.87,-5.07,-4.12,-3.56,-3.72,-4.14,-3.16,-4.94,-4.19,-3.69,-2.76,-2.32,-4.61,-3.38,-5,-4.83,-2.62,-6.46,-5.09,-3.18,-2.55,-4.72,-3.5,-4.18,-6.53,-4.21,-1.43,-3.23,-4.25,-2.83,-3.84,-3.78,-4.42,-3.66,-4.07,-4.07
2018-03-31,-2.55,-2.28,-2.75,0.93,2.03,1.29,-1.77,-3,-2.06,-2.02,-2.71,-1.83,1.35,1.23,1.01,0.81,1.49,2.47,-3.6,0.05,-0.18,0.23,-0.45,-1.99,0.38,-2.23,-0.67,-3.22,-2.58,0.24,2.14,0.21,0.33,1.52,-3.53,-2.7,-3.13,-0.61,-1.06,-0.25,-3.66,-2.31,-0.42,-1.32,-2.71,-0.69,1.38,2.36,0.95,-2.69
2018-04-30,0.38,0.33,0.33,-0.26,1,0.87,0.31,0.26,0.49,0.37,0.18,0.51,0.1,1.71,-1.13,0.63,1.65,0.34,0.41,-0.16,-0.97,0.47,1.22,0.36,-0.58,1.31,-0.55,-0.61,-0.33,1.02,-0.45,0.87,0.96,1.27,0.65,0.24,0.51,0.15,0,0.06,0.77,0.43,-0.16,-1.34,-0.06,0.44,-0.59,1.1,0.3,-0.04
2018-05-31,2.4,2.54,4.36,4.12,6.43,6.07,0.59,4.31,0.25,2.8,4.3,0.54,6.29,5.79,4.01,4.21,5.84,7.06,2.7,2.25,3.72,1.07,1.34,2.82,4.04,3.87,1.52,2,0.78,0.31,6.79,5.03,4.87,7.27,4.52,0.36,2.64,1.63,0.32,1.1,3.49,1.97,1.09,2.75,1.57,2.05,7.16,4.1,4.73,1.38
2018-06-30,0.61,0.64,0.96,0.42,1.13,0.7,0.23,0.59,0.62,0.64,0.59,0.62,0.76,0.59,0.42,0.4,0.86,1.37,0.55,0.68,0.37,0.79,0.95,0.66,1.42,1.62,0.59,-0.34,-0.05,1.15,1.41,0.77,0.32,1.2,1.14,-0.04,0.62,1,1.24,1.68,-0.16,-1.05,1.17,-0.05,0.17,-0.67,0.5,2.27,0.66,0.4
2018-07-31,3.72,3.44,2.92,1.75,3.16,1.74,3.94,3.41,4.03,3.31,3.29,3.9,1.73,1.76,1.34,2.15,2.58,3.75,4.1,2.48,2.13,2.69,2.28,3.36,1.63,1.95,3.35,4.9,4.59,2.48,0.92,2,1.74,-0.04,3.03,4.56,3.82,2.95,3.95,3.33,1.86,3.39,3.29,3.75,5.14,3.29,2.63,1.48,1.91,4.37
2018-08-31,3.26,3.44,5.44,3.16,4.85,4.31,1.47,4.85,1.35,3.49,4.81,1.45,6.23,2.37,3.8,2.53,3.15,6.62,3.87,3.09,5.74,1.34,1.03,3.47,6.62,4.13,1.3,3.7,1.68,0.83,8,2,2.39,4.35,5.46,1.54,3.55,2.36,1.29,3.08,5.85,3.65,2.09,3.69,2.8,2.94,4.47,4.5,4.29,2.88
2018-09-30,0.57,0.37,0.55,-1.1,-3.16,-2.4,0.18,0.74,0.36,0.15,0.6,0.28,-2.34,-2.49,-1.23,-0.98,-3.04,-3.33,0.67,-0.65,-0.43,-0.8,-0.32,0.15,-0.52,0.88,-0.74,0.96,0.48,-1.01,-1.32,-2.16,-2.72,-3.32,0.9,0.67,0.77,-0.12,2.09,1.23,0.92,-0.18,0.15,1.09,0.64,-0.68,-2.82,-0.42,-1.49,0.52
2018-10-31,-6.84,-7.09,-8.94,-9.55,-10.49,-10.87,-5.21,-8.06,-5.35,-7.38,-8.21,-5.55,-12.66,-8.97,-10.2,-8.9,-9.95,-11.09,-6.48,-8.33,-9.92,-7.22,-3.92,-7.38,-11.06,-8.93,-7.66,-6.29,-3.88,-6.14,-12.74,-8.94,-8.85,-10.93,-8.63,-4.2,-6.61,-7.73,-2.22,-4.03,-9.8,-5.9,-5.94,-7.49,-5.37,-7.46,-8.85,-5.63,-10.2,-5.64
2018-11-30,2.03,2.02,1.06,3.12,1.52,1.58,2.97,1.52,2.62,1.99,1.63,2.7,1.55,1.6,3.33,2.87,0.59,2.49,1.63,2.45,2.53,2.38,2.11,2.01,2.12,2.29,3.54,0.35,3.32,2.9,1.4,1.41,2.39,-0.58,0.69,3.24,1.87,2.57,4.45,3.71,1.37,-0.54,3.38,1.01,3.88,0.84,1.69,2.11,1.94,1.93
2018-12-31,-9.03,-9.1,-8.61,-11.32,-12.07,-11.88,-9.58,-8.64,-9.48,-9.3,-8.79,-9.61,-11.69,-12.08,-11.3,-11.38,-12.39,-11.85,-8.99,-9.85,-9.08,-10.39,-8.05,-9.31,-8.93,-8.29,-10.32,-9.43,-8.96,-10.4,-11.23,-12.52,-11.66,-12.12,-8.47,-9.18,-8.81,-9.9,-8.05,-7.12,-7.7,-11.23,-10,-8.72,-8.38,-9.6,-11.02,-7.39,-10.98,-9.42
2019-01-31,8.01,8.37,8.96,10.46,10.6,11.24,7.77,7.49,8.55,8.56,7.62,8.78,11.54,10.93,9.27,11.67,12.27,9.03,7.16,10.76,11.47,10.27,6.81,8.63,11.24,9.14,11.14,6.79,6.46,10.08,12.68,12.5,11.48,10.46,8.29,6.6,7.46,10.1,4.81,5.76,6.66,9.96,10.17,8.39,6.21,8.84,10.6,7.1,11.53,7.9
2019-02-28,3.21,3.37,3.56,4.23,4.38,5.19,3.19,4.07,2.24,3.5,4.11,2.36,6.45,3.87,4.51,3.92,4.2,4.47,2.93,4.28,5.84,3.16,2.88,3.49,6.61,3.15,4.22,3.47,2.95,2.57,6.22,3.01,4.42,5.53,2.98,3.19,3.03,3.92,4.4,3.77,3.33,1.93,3.97,4.33,3.8,2.77,4.43,3.35,4.69,3.47
2019-03-31,1.95,1.74,2.84,-0.58,-3.33,-2.1,0.63,2.72,1.06,1.45,2.59,0.86,-1.36,-2.9,0.59,-1.8,-3.92,-2.77,2.39,0.85,1.33,0.48,1,1.43,1.97,2.74,0.69,2.11,0.57,-0.26,-0.26,-3.02,-1.51,-3.02,3.25,0.7,2.08,0.62,1.98,2.68,2.16,-0.94,0.61,2.58,1.07,0.02,-2.72,0.66,-0.81,0.96
2019-04-30,4.05,4.03,4.5,4.01,3.88,3.39,3.53,3.97,4.11,3.98,3.93,4.18,3.04,3.77,3.3,4.73,4.29,3.42,4.42,3.78,4.48,3.28,2.96,3.98,3.74,4.03,4.39,4.7,2.75,2.66,2.88,4.11,3.75,1.93,4.58,3.65,4.11,3.76,2.29,2.18,2.31,3.46,3.73,3.78,3.81,3.09,3.74,2.39,3.49,4.92
2019-05-31,-6.36,-6.38,-6.34,-7.97,-8.72,-7.78,-6.44,-5.31,-7.58,-6.48,-5.34,-7.72,-7.42,-8.19,-6.38,-9.67,-9.96,-7.51,-6.68,-6.15,-5.77,-6.44,-7.41,-6.45,-3.8,-5.38,-7.16,-7.16,-6.35,-7.58,-7.06,-9.49,-7.36,-6.82,-6.45,-6.44,-6.48,-6.8,-6.19,-1.63,-2.31,-9.62,-6.86,-6.63,-5.82,-7.6,-8.73,-2.85,-7.14,-7.33
2019-06-30,7.04,7.01,6.85,7.64,7.44,7.06,7.16,6.15,8.06,7.01,6.22,8.09,7.7,6.34,7.03,8.28,7.77,7.09,6.88,6.85,7.01,6.74,7.22,7,7.2,6.65,6.85,7.16,7.08,7.45,7.12,6.28,7.74,6.23,6.98,7.36,7.07,7.48,6.48,5.02,6.21,9.46,7.52,7.17,7.02,7.96,6.46,4.43,7.06,7.7
2019-07-31,1.44,1.54,2.24,1.18,1.14,0.57,0.82,1.15,1.75,1.48,1.16,1.71,0.98,0.14,1.23,1.1,1.14,1.1,1.66,1.41,2.29,0.82,0.77,1.47,1.51,1.45,1.66,1.43,1.38,1.04,2.07,0.4,1.06,-1.26,1.98,0.81,1.59,1.08,-0.28,1.64,1.82,1.68,1.07,1.33,1.39,1.16,1.81,2.25,1.08,1.84
2019-08-31,-1.59,-1.84,-0.79,-4.19,-4.51,-4.94,-2.95,-0.73,-2.6,-2.06,-0.87,-2.78,-4.32,-5.6,-3.1,-5.39,-5.15,-3.9,-1.64,-2.86,-1.84,-3.55,-2.22,-2.01,-2.89,-0.53,-2.25,-1.06,-2.82,-3.65,-3.35,-7.14,-3.74,-6.3,-0.43,-2.65,-1.46,-3.15,-1.69,1.66,0.26,-4.44,-3.35,-1.7,-1.27,-2.61,-4.57,-0.06,-3.98,-2.9
2019-09-30,1.87,1.72,0,3.06,3.34,2.07,3.54,0.28,3.71,1.74,0.35,3.82,-0.81,5.11,1.27,4.95,5.69,0.96,1.87,1.94,-1.16,4.04,5,1.72,-1.75,-1.03,2.9,1.88,4.67,5.31,-3.16,5.17,3.42,2.32,0.27,3.29,1.63,2.89,2.48,0.89,-1.21,4.78,2.55,1.73,2.99,2.61,2.29,0.87,1.75,3.4
2019-10-31,2.16,2.11,2.78,1.12,1.95,2.63,1.39,1.73,2.64,2.14,1.68,2.54,2.85,2.41,0.91,1.31,1.89,1.98,2.77,1.04,1.84,0.51,0.05,2.12,1.16,1.95,1.69,2.32,1.94,0.22,2.37,1.74,2.92,2.62,3.04,1.83,2.51,1.31,0.63,-0.17,0.61,2.8,1.29,2.24,1.94,2.72,2.63,1.05,1.93,2.34
2019-11-30,3.62,3.77,4.42,2.97,3.06,4.11,3.08,3.42,3.84,3.78,3.41,3.78,5.89,2.33,3.14,2.77,2.7,3.39,3.86,3.57,4.95,2.65,1.61,3.78,5.52,4.38,2.72,4.31,2.63,2.55,6.03,2.97,2.73,4.58,4.26,3.28,3.84,3.78,1.42,1.31,3.35,3.69,3.7,4.43,3.38,3.48,3.71,1.79,4.28,3.84
2019-12-31,3.02,2.87,3,2.81,3,2.88,2.73,2.91,3.1,2.87,2.89,3.12,2.29,3.49,2.49,3.11,2.97,2.98,3.21,2.28,1.15,3.03,2.8,2.88,1.39,3.43,1.97,3.52,2.29,2.84,0.51,3.35,2.43,5.68,3.49,2.6,3.09,2.46,2.93,1.88,1.78,3.35,2.46,2.92,2.64,2.09,1.68,1.44,2.09,2.96
2020-01-31,-0.04,0.1,2.21,-2.61,-4,-3.21,-2.16,2.25,-2.64,-0.13,2.04,-2.75,-1.1,-5.4,-1.23,-4.14,-6.42,-1.68,0.45,-0.82,0.92,-1.96,-1.77,-0.14,1.75,3.48,-0.51,0.5,-3.6,-3.49,-0.17,-4.57,-3.08,-4.71,2.56,-2.27,0.44,-1.16,-4.1,2.32,3.67,-3.79,-1.2,-0.67,-1.54,-1.22,-2.77,-0.54,-1.98,-2.38
2020-02-29,-8.23,-8.18,-6.83,-9.49,-9.6,-8.42,-9.69,-7.16,-9.52,-8.2,-7.26,-9.58,-7.23,-9.72,-8.47,-10.66,-10.24,-9.05,-8.27,-8.69,-6.92,-9.92,-11.27,-8.18,-6.12,-5.77,-9.24,-8.87,-9.8,-11.09,-6.15,-10.52,-10.19,-6.87,-6.81,-9.58,-7.99,-8.68,-9.93,-8.12,-7.36,-9.69,-8.71,-8.38,-9.48,-8.19,-10.06,-8.53,-8.53,-9.31
2020-03-31,-12.35,-13.22,-9.85,-20.24,-22.39,-21.73,-17.09,-9.98,-15.25,-13.76,-10.41,-15.82,-19.12,-24.71,-16.79,-24.22,-25.42,-19.71,-10.31,-19.49,-14.93,-22.7,-18.97,-13.8,-13.18,-9.31,-18.78,-12.92,-13.91,-24.87,-16.22,-29.4,-23.2,-23.52,-8.56,-14.27,-10.97,-18.53,-14.48,-11.93,-11.41,-18.52,-18.23,-11.43,-12.37,-14.9,-20.49,-19.59,-21.57,-14.71
2020-04-30,12.82,13.21,14.78,14.19,12.75,13.76,11.24,14.44,10.7,13.23,14.43,10.92,14.92,12.33,14.03,14.32,13.66,11.9,12.83,14.35,15.65,13.34,9.53,13.25,16.32,15.26,12.33,11.42,10.78,12.35,15.03,15.26,13.36,15.21,14.56,10.26,12.82,13.87,14.46,9.29,11.75,11.33,13.78,12.36,11.59,11.68,12.28,8.62,14.57,12.73
2020-05-31,4.76,5.27,6.7,7.32,4.39,6.53,3.42,5.93,3.17,5.33,6.1,3.32,9.46,2.93,8.9,5.28,2.51,5.93,4.11,7.02,10.03,4.62,2.31,5.36,11.81,7,6.21,5.03,2.48,3.58,10.83,4.26,5.18,6.58,5.88,2.84,4.68,6.31,2.63,4.35,5.95,3.62,6.59,5.57,3.63,5.31,5.36,3.77,7.42,4.16
2020-06-30,1.99,2.2,4.34,1.22,3.64,3.49,-0.67,4.08,-0.95,2.27,3.93,-0.82,3.81,2.83,1.33,1.07,3.59,3.79,2.8,1.78,2.32,1.11,-1.19,2.3,3.49,2.58,1.16,2.28,-1.02,1.99,4.2,1.26,1.42,6.2,4.82,-1.54,2.34,1.59,-2.36,-1.05,4.35,0.24,1.59,0.24,0.5,0.38,1.75,-0.33,2.89,1.46
2020-07-31,5.64,5.84,7.67,4.61,4.1,2.76,3.94,6.98,3.65,5.66,6.95,3.6,3.43,2.05,6.1,2.71,2.44,5.49,5.59,5.87,7.97,4.72,2.8,5.65,7.41,7.4,6.49,7.47,1.97,3.8,5.25,1.94,3.06,1.14,7.6,3.58,5.83,5.16,2.56,4.48,6.82,0.95,5.15,4.82,4.17,4.76,4.74,3.25,4.1,3.52
2020-08-31,7.19,7.33,10.29,3.51,3.99,5.65,4.12,9.55,3.57,7.23,9.21,3.6,5.86,5.4,3.27,3.78,5.17,2.98,9.07,3.5,2.71,3.93,2.01,7.19,3.41,11.11,3.99,7.87,3.49,3.48,3.83,5.25,4.4,5.97,11.91,4.19,8.61,4.53,1.81,2.87,9.65,3.95,4.48,6.98,4.95,4.94,2.68,2.51,4.46,5.96
2020-09-30,-3.8,-3.67,-4.71,-3.25,-4.73,-3.36,-2.48,-4.69,-2.42,-3.66,-4.55,-2.52,-2.15,-4.65,-2.39,-4.36,-5.28,-4.26,-4.7,-1.98,-1.42,-2.28,-2.5,-3.69,-1.52,-4.67,-1.54,-3.39,-2.49,-2.81,-1.8,-4.08,-3.4,-3.21,-5.36,-2.57,-4.22,-2.21,-3.96,-1.64,-3.88,-2.08,-2.05,-3.15,-2.63,-2.49,-2.7,-4.39,-2.54,-3.73
2020-10-31,-2.66,-2.43,-3.41,2.17,2.58,2.09,-1.33,-3.1,-2.02,-2.16,-2.86,-1.66,0.76,3.56,1.14,3.48,3.6,1.62,-3.27,0.63,0.12,0.91,1.61,-2.13,0.36,-4.29,-0.82,-3.77,-2.76,1.6,2.8,3.56,1.96,1.36,-4.13,-2.47,-3.42,-0.51,-3.34,-3.45,-4.19,-1.18,-0.29,-2.79,-2.24,-1.05,2.07,0.96,1.85,-2.66
2020-11-30,10.95,11.76,10.22,14.27,18.17,18.44,13.44,9.7,12.87,12.14,9.85,13.12,17.62,19.28,12.46,16.56,19.2,17.23,10.22,13.8,13.39,14.01,13.07,12.24,13.35,10.81,13.49,10.65,13.82,14.64,13.57,20.33,17,20.36,9.53,13.13,11.06,14.12,11.35,8.2,10.56,16.44,14.29,11.46,12.18,10.17,13.16,9.16,16.18,14.33
2020-12-31,3.84,4.21,4.58,6.52,8.31,8.64,3.82,4.06,3.48,4.47,4.2,3.71,9.34,7.9,6.37,6.64,7.64,8.91,3.8,4.66,4.77,4.61,3.52,4.47,4.86,2.61,4.26,4.9,3.49,3.22,9.66,6.98,5.86,7.73,4.54,3.4,4.04,4.33,2.27,2.33,3.46,2.98,4.37,3.72,3.32,4.5,7.03,5.76,7.62,4.65
2021-01-31,-1.01,-0.84,-0.75,1.5,6.29,5,-0.93,-0.53,-1.59,-0.47,-0.36,-1.4,4.82,5.23,1.84,1.15,6.23,6.26,-0.52,-0.26,-0.35,-0.24,0.63,-0.35,-0.25,-0.77,-1.35,-2.17,-1.58,0.5,4.49,1.67,2.4,14.24,-0.85,-1.31,-1.03,-0.96,-1.08,-2.68,1.66,3.3,-0.95,-2.82,-1.52,0.21,3.48,2.19,2.36,-0.57
2021-02-28,2.75,2.89,-0.03,6.8,7.64,6.23,6.02,0,5.89,3.11,0.24,6.13,3.29,9.41,4.09,9.52,10.76,4.49,1.41,5.56,1.69,7.72,8.61,3.2,1.63,0.3,4.71,1.74,4.82,9.74,0.19,11.23,8.61,6.04,-0.42,5.11,1.92,5.2,3.27,-0.39,-0.59,6.94,5.27,3.29,2.65,2.59,5.9,3.61,6.5,5.74
2021-03-31,4.37,3.77,1.71,4.66,3.32,0.99,5.85,2.63,6.23,3.58,2.64,6.28,-3.16,5.18,2.37,6.86,5.41,1.07,4.16,2.69,-1.92,5.14,9.34,3.48,-2.66,-0.11,3.85,3.99,6.55,7.11,-5.58,6.23,2.94,2.26,2.54,6.26,4.18,4.31,6.81,5.51,-1.24,7.19,3.68,4.79,7.03,4.99,4.8,2.94,1.81,6.36
2021-04-30,5.33,5.37,6.79,4.5,2.03,2.1,3.99,6.84,3.72,5.14,6.7,3.81,2.16,2.02,4.14,4.78,1.96,2.04,5.58,5.07,5.6,4.82,3.83,5.15,5.73,7.28,4.95,5.38,3.74,4.35,3.19,3.95,3.53,0.24,7.05,3.52,5.47,5.01,0.83,4.05,7.1,1.73,4.93,4.87,3.38,3.72,2.46,3.53,3.85,4.12
2021-05-31,0.69,0.46,-1.39,0.2,2.06,0.2,2.32,-0.89,2.4,0.45,-0.95,2.38,-2.86,3.07,-1.75,1.92,3.8,0.09,0.34,0.79,-1.54,1.95,2.17,0.45,-0.9,-1.5,0.96,0.41,2.18,2.77,-2.54,3.04,0.41,1.61,-1.36,2.52,0.34,1.44,2.58,0.81,-1.11,2.89,1.49,1.07,1.86,1.07,0.99,-0.73,0.25,1.93
2021-06-30,2.33,2.49,6.25,-1.03,0.34,1.92,-1.16,5.66,-1.18,2.44,5.42,-1.28,4.66,-0.63,1.05,-2.82,-0.69,1.54,3.23,1.45,6.77,-1.18,-2.71,2.53,4.68,6.33,1.14,2.74,-0.46,-2.06,3.16,-1.87,0.44,2.07,6.14,-1.15,2.88,1.66,-0.71,1.8,1.9,-1.51,1.65,3.32,-0.3,0.85,1.21,0.7,1.16,0.69
2021-07-31,2.37,2.06,3.28,0.34,-2.4,-3.61,0.79,3.77,0.78,1.68,3.64,0.72,-3.64,-3.59,0.94,-0.2,-4.36,-0.11,2.5,0.76,1.02,0.6,-0.91,1.72,2.03,3.29,0.76,2.21,1.1,-0.45,-2.82,-3.15,-3.22,-5.56,3.83,0.87,2.55,1.31,0.68,3.48,0.93,-0.77,1.29,3.38,2.52,1.89,-0.27,-0.16,-1.76,1.76
2021-08-31,3.04,2.88,3.72,1.94,2,2.22,1.96,4.16,1.71,2.83,4.02,1.77,1.81,2.65,1.42,2.39,1.91,2.11,3.48,2.52,3.21,2.12,2.84,2.85,3.04,3.92,2.71,2.93,1.92,2.33,2.16,2.07,2.11,3.57,3.84,1.88,3.01,2.34,0.1,1.93,4.14,0.82,2.34,2.84,2.26,2.73,2.38,1.84,2.26,2.58
2021-09-30,-4.65,-4.6,-5.61,-3.99,-2.43,-2.98,-3.49,-5.8,-3.31,-4.5,-5.72,-3.32,-3.84,-2.02,-4.28,-3.76,-1.56,-3.46,-4.82,-4.13,-4.86,-3.7,-2.71,-4.54,-4.86,-5.59,-3.85,-4.68,-3.73,-2.8,-4.11,-1.73,-2.96,-2.97,-5.79,-3.38,-4.77,-4.19,-2.39,-4.97,-3.49,-3.55,-4.42,-6.4,-4.48,-5.74,-3.78,-3.59,-3.11,-4
2021-10-31,7,6.93,8.64,5.88,3.41,4.25,5.06,9.06,4.59,6.74,9,4.57,4.67,3.79,7.56,4.41,2.79,4.09,7.4,5.94,6.99,5.31,2.89,6.72,7.76,8.45,6.24,6.94,5.28,4.49,5.2,3.45,4.23,2.18,9.03,4.94,7.28,5.74,4.37,5.45,8.55,2.49,6,7.66,5.77,6.03,4.93,2.62,4.9,5.59
2021-11-30,-0.69,-1.35,0.6,-2.94,-2.3,-4.19,-3.53,1.4,-3.26,-1.53,1.16,-3.2,-4.9,-3.44,-3.57,-2.39,-2.52,-2.04,-0.08,-3.5,-4.24,-3.06,-2.43,-1.48,-3.32,-0.45,-3,-1.2,-2.06,-2.56,-5.52,-2.94,-4.38,-5.29,1.71,-3.8,-0.58,-2.97,-3.75,-1.99,-3.87,-0.92,-2.79,-0.63,-1.43,-1.61,-2.41,-2.6,-4.24,-2.06
2021-12-31,4.48,4.04,2.1,5.07,4.51,2.22,6.29,2.46,7.02,3.93,2.56,6.95,0.43,4.06,4.1,5.88,4.13,4.75,3.72,4.07,0.34,6.25,7.21,3.81,2.31,1.62,4.16,3.98,6.7,6.33,1.69,4.87,2.92,0.48,2.47,6.3,4.02,4.65,7.79,6.77,-0.5,7.83,4.66,3.51,6.7,6.31,4.59,5.6,3.29,6.04
2022-01-31,-5.18,-5.65,-8.59,-7.21,-7.28,-9.63,-2.35,-8.38,-1.65,-5.89,-8.49,-1.78,-13.41,-5.85,-10.4,-3.99,-4.36,-10.13,-4.57,-7.38,-12.91,-4.28,1.26,-5.99,-11.6,-9.39,-6.62,-5.78,-2.23,-1.81,-12.19,-3.94,-8.44,-9.8,-7.68,-1.28,-5.04,-5.89,2.36,-5.91,-9.06,-1.93,-5.88,-6.89,-3.2,-5.89,-6.73,-6.53,-8.27,-1.73
2022-02-28,-3,-2.76,-4.26,1.11,1.39,1.06,-1.18,-4.5,-1.45,-2.53,-4.2,-1.28,0.44,1.64,0.96,1.25,2.31,0.39,-3.9,-0.73,-1.23,-0.49,-0.2,-2.51,-1.55,-3.7,-0.62,-2.79,-1.98,0.19,-0.09,1.85,0.91,1,-4.87,-1.55,-3.45,-1.2,-0.18,-3.06,-2.67,-2.19,-1.17,-4.16,-2.55,-1.64,1.59,-0.79,1.11,-2.73
2022-03-31,3.71,3.36,3.9,1.38,0.37,1.24,2.8,4.44,2.95,3.23,4.23,2.92,0.45,1.93,0.51,2.19,0.43,0.26,3.95,2.54,1.59,3.02,4.07,3.23,0.97,3.73,2.24,3.43,3.13,3.24,1.56,1.4,1.51,1.36,4.36,2.69,3.64,2.23,4.28,5.48,4.63,0.29,2.41,3.75,2.34,3.54,0.86,2.94,1.54,2.47
2022-04-30,-8.72,-8.92,-12.09,-7.11,-7.82,-9.92,-5.65,-12.49,-4.89,-8.98,-12.21,-4.98,-12.26,-7.79,-7.63,-6.64,-6.3,-9.51,-9.81,-7.71,-11.27,-5.96,-3.52,-9.02,-10.03,-13.28,-7.21,-9.04,-5.19,-4.84,-11.08,-6.63,-8.88,-10.38,-12.25,-5.49,-9.34,-7.96,-2.94,-5.27,-12.58,-5.76,-7.11,-8.06,-5.24,-7,-6.79,-5.01,-8.51,-6.12
2022-05-31,0.18,-0.16,-2.34,0.73,1.86,0.14,1.93,-1.37,1.62,-0.15,-1.33,1.66,-1.88,1.91,-0.77,2.12,2.26,1.37,-0.26,0.06,-3.89,1.9,5.27,-0.2,-2.09,-2.67,0.4,-0.25,1.72,2.28,-2.49,2.5,0.16,-0.42,-2.03,1.93,-0.25,0.06,4.93,-0.02,-0.55,3.88,0.5,-0.18,1.54,0.39,3.25,-0.41,0.37,1.78
2022-06-30,-8.26,-8.39,-7.94,-9.61,-8.55,-8.25,-8.75,-8.29,-8.24,-8.38,-8.38,-8.3,-6.2,-9.92,-9.98,-9.31,-9.01,-8.05,-7.7,-9.99,-7.49,-11,-8.95,-8.41,-8.13,-8.51,-9.75,-8.38,-8.26,-11.08,-7.57,-10.05,-8.92,-9.25,-8.02,-7.56,-7.83,-9.29,-7.24,-4.12,-6.49,-11.02,-9.32,-9.05,-6.86,-8.34,-10.45,-2.75,-9.59,-8.61
2022-07-31,9.22,9.3,11.98,10.85,10,10.44,6.62,12.8,5.9,9.37,12.81,6.1,11.21,9.69,12.69,9.18,8.61,11.59,9.39,9.86,12.22,8.59,3.95,9.38,11.2,12.97,9.43,9.32,6.13,7.73,10.95,9.71,10.35,10,11.93,5.61,9.1,8.89,3.48,5.1,5.18,5.93,8.91,9.15,6.25,9.46,10.21,5.29,10.42,6.8
2022-08-31,-4.08,-3.85,-4.67,-3.1,-4.39,-2.03,-3,-5.35,-2.86,-3.75,-5.23,-2.85,-0.92,-3.16,-3.37,-2.86,-4.2,-4.62,-4.49,-3.15,-3.29,-3.07,-1.7,-3.77,-3.72,-5.13,-3.05,-3.87,-2.69,-2.4,-2.35,-3.37,-2.82,0.18,-4.98,-2.96,-4.09,-3.23,-2.89,-3.07,-1.91,-3.54,-3.25,-5.02,-3.5,-3.62,-3.44,-3.56,-2.61,-3.38
2022-09-30,-9.21,-9.26,-9.73,-9.19,-9.9,-9.58,-8.78,-9.99,-8.48,-9.28,-9.92,-8.54,-8.99,-10.21,-8.85,-9.53,-10.44,-9.26,-9.5,-9.28,-8.51,-9.71,-9.76,-9.33,-9.26,-9.97,-9.39,-9.26,-8.63,-9.53,-9.22,-10.41,-9.81,-9.66,-10.01,-8.3,-9.26,-9.6,-8.32,-7.19,-6.04,-10.73,-9.52,-9.81,-8.33,-8.95,-10.04,-7.52,-9.56,-9.25
2022-10-31,8.09,8.01,5.83,10.51,12.34,10.99,10.24,4.48,11.5,8.18,4.78,11.49,9.47,12.57,9.42,11.51,14.37,10.02,7.17,8.86,7.85,9.43,10.3,8.15,6.77,4.68,8.42,7.93,10.87,10.04,8.26,12.9,10.57,9.45,5.37,10.65,7.71,8.88,12.84,7.8,12.52,13.14,8.77,8.23,10.28,8.44,12.8,8.64,9.66,9.98
2022-11-30,5.59,5.4,4.54,6.12,4.16,2.33,6.23,5.08,6.01,5.21,5.13,6.04,1.63,3.02,5.73,6.45,3.94,4.39,5.21,6,5.43,6.31,6.32,5.28,6.55,4.85,6.57,5.51,6.06,6.59,2.44,4.63,3.44,-0.1,4.34,6.19,5.19,6.27,5.13,5.76,3.56,5.82,6.16,7.83,6.83,5.65,5.32,4.7,4.17,6.79
2022-12-31,-5.76,-5.82,-7.67,-5.54,-6.72,-6.49,-4.05,-7.63,-3.93,-5.87,-7.53,-3.99,-6.41,-6.57,-6.03,-5.05,-6.56,-6.92,-6.4,-5.42,-6.02,-5.1,-3.08,-5.88,-5.67,-7.77,-5.24,-5.86,-4.12,-4.76,-5.82,-6.58,-6.23,-4.31,-8.05,-3.52,-5.97,-5.2,-2.68,-3.75,-3.86,-6.16,-5.21,-5.59,-3.82,-5.6,-6.07,-3.93,-5.96,-4.73
2023-01-31,6.28,6.69,8.32,9.23,9.49,9.77,5.17,5.61,6.98,6.87,5.71,7.27,9.97,9.57,7.11,11.38,11.93,7.22,6.38,8.3,8.71,8.06,4.11,6.98,9.07,8.63,8.4,6.57,4.65,7.76,11.21,10.84,11.03,9.95,8.23,3.73,6.12,8.16,1.05,1.47,-0.64,7.12,8.26,7.02,2.64,6.4,9.45,4.29,10.05,4.56
2023-02-28,-2.44,-2.39,-1.2,-1.81,-1.23,-1.68,-3.54,-1.95,-2.99,-2.35,-1.88,-2.97,-1.08,-2.29,-0.83,-2.79,-1.68,-0.81,-1.97,-2.43,-1,-3.21,-3.62,-2.32,-1.92,-1.22,-2.73,-2.37,-3.47,-3.53,-1.11,-2.46,-1.86,-2.92,-1.25,-3.71,-2.37,-3.31,-4.47,-3.44,-3.98,-3.9,-3.35,-2.68,-2.73,-2.08,-1.38,-1.07,-2.35,-3.42
2023-03-31,3.67,3.15,6.82,-3.21,-5.16,-4.78,-0.47,5.83,1.3,2.67,5.42,0.88,-2.48,-7.15,-1.15,-5.33,-6.43,-3.99,5.55,-1.55,1.36,-3.16,-2.27,2.63,0.1,6.22,-1.66,3.39,0.59,-3.41,-1.54,-6.73,-4.2,-8.91,8.11,0.9,4.86,-0.55,2.15,3.36,0.39,-0.43,-0.61,4.79,0.76,2.47,-4.14,-2.3,-3.77,-0.7
2023-04-30,1.56,1.23,0.97,-0.78,-2.77,-1.8,1.49,1.41,1.7,1.05,1.31,1.54,-1.15,-2.51,-0.52,-1.08,-2.42,-3.12,2.16,-0.54,-1.46,-0.01,0.28,1,-1.91,0.93,-0.81,1.27,1.63,0.38,-1.71,-1.67,-1.66,-2.61,1.51,2.24,1.83,-0.47,1.06,1.49,2.42,-1.1,-0.68,1.66,1.78,0.77,-1.58,-0.52,-1.29,0.53
2023-05-31,0.43,0.45,4.54,-3.19,-1.74,-0.93,-3.86,2.48,-1.91,0.37,2.2,-2.01,0.01,-1.97,-2.8,-3.63,-3.73,0.19,2.45,-2.8,0.05,-4.45,-7.75,0.43,0.15,4.14,-2.55,0.62,-3.05,-5.35,0.45,-3.42,-1.41,1.37,5.52,-3.59,1.54,-2.41,-4.73,-3.25,-4.9,-3.69,-2.2,0.67,-3.57,0.23,-2.04,-4.15,-1.69,-3.65
2023-06-30,6.6,6.74,6.82,9.16,8.23,8.09,6.62,6.36,6.86,6.81,6.5,7.04,8.25,7.88,8.69,9.62,8.5,7.94,6.11,8.33,7.7,8.65,5.24,6.85,8.02,7.16,8.27,6.68,6.14,8.6,7.94,9.5,8.7,6.52,6.72,5.55,6.24,7.64,3.78,4.5,6.97,7.01,7.67,6.51,5.55,6.88,9.08,3.92,8.49,6.51
2023-07-31,3.21,3.43,3.35,4.12,5.5,6.06,3.5,3.03,3.39,3.57,3.08,3.47,4.64,7.44,3.78,4.46,6,5.02,3.35,3.96,3.01,4.34,4.14,3.6,3.23,2.8,3.61,3.36,4.03,4.14,4.53,7.1,5.81,5.32,3.41,3.02,3.25,4.19,3.49,1.35,1.73,3.68,4.22,3.73,3.36,3.37,5.45,2.6,4.98,4.52
2023-08-31,-1.58,-1.75,-0.91,-2.89,-4.14,-5.01,-2.69,-0.64,-2.75,-1.93,-0.7,-2.79,-5.21,-4.83,-2.09,-3.76,-4.93,-3.37,-1.14,-3.48,-3.31,-3.55,-3.86,-1.94,-3.49,-1,-3.6,-1.65,-2.4,-3.77,-4.23,-4.75,-4.49,-6.69,-0.54,-2.23,-1.19,-3.24,-1.18,-0.57,0.28,-2.9,-3.28,-0.41,-2.41,-1.53,-3.27,-2.37,-3.95,-2.16
2023-09-30,-4.77,-4.71,-5.45,-5.26,-6,-5.89,-3.88,-4.89,-4.66,-4.77,-4.87,-4.71,-6.6,-5.21,-4.81,-5.76,-6.36,-5.67,-4.87,-5.04,-4.89,-5.11,-3.9,-4.79,-5.68,-5.74,-4.97,-4.67,-3.46,-4.28,-6.57,-5.27,-5.93,-6.4,-5.54,-3.17,-4.61,-4.83,-3.06,-2.84,-4.79,-3.21,-4.72,-5.08,-3.96,-4.15,-5.05,-3.32,-5.57,-3.75
2023-10-31,-2.1,-2.43,-1.44,-5.34,-5.74,-6.82,-3.54,-2.42,-1.74,-2.67,-2.55,-1.98,-7.71,-5.96,-4.87,-5.88,-6.29,-5.17,-1.52,-5.01,-5.12,-4.97,-2.72,-2.7,-5.55,-1.71,-4.71,-2.29,-2.97,-3.98,-6.89,-6.18,-6.57,-7.22,-0.88,-2.73,-1.62,-4.4,-3.4,-0.88,-1.64,-3.58,-4.51,-1.41,-2.63,-2.48,-6.12,-1.76,-6.11,-3.03
2023-11-30,9.13,9.36,10.94,8.5,8.27,9.06,7.53,8.76,9.55,9.33,8.7,9.56,9.11,8.98,7.58,9.54,8.99,7.49,9.16,10.21,12.17,9.41,6.98,9.41,11.16,11.22,10.29,9.42,7.37,9.35,9.89,9.5,9.7,9.44,10.76,6.49,9.09,9.8,4.41,6.4,9.21,8.17,9.9,8.55,7.11,8.99,8.88,5.19,9.07,7.18
2023-12-31,4.54,4.93,4.41,8.71,12.79,12.2,5.53,3.7,5.51,5.29,3.92,5.79,11.98,12.42,7.39,10.15,13.34,12.08,3.85,7.72,7.57,7.78,5.76,5.34,7.77,4.19,7.36,4.73,5.37,7.08,11.23,11.87,11.63,14.24,3.95,4.24,4.07,7.4,3.3,2.7,4.79,7.63,7.48,4.8,4.88,5.24,11.11,5.01,10.7,6.92
2024-01-31,1.68,1.38,2.48,-1.71,-3.95,-3.9,0.09,2.87,0.28,1.1,2.7,0.08,-3.21,-4.57,-0.38,-3.1,-5.37,-2.57,2.42,-1.44,-0.56,-1.8,-1.78,1.1,-0.8,2.34,-1.21,1.62,0.86,-1.73,-3.11,-3.98,-3.53,-3.9,2.93,1.21,2.28,-0.83,1.56,2.24,5.6,-0.85,-0.91,2.24,1.3,1.87,-1.85,-0.81,-2.64,0.32
2024-02-29,5.33,5.39,6.81,5.94,3.33,5.64,3.68,7.28,3.03,5.4,7.42,2.98,8.11,3.25,9.69,1.93,2.35,4.26,5.61,5.57,7.5,4.76,1.26,5.43,7.42,7.17,5.57,5.49,3.72,3.67,6.75,2.68,4.73,6.22,6.7,3.05,5.33,4.57,1.85,2.09,10.05,2.61,4.56,6.53,3.12,5.89,6.11,3.16,5.42,3.13
2024-03-31,3.22,3.19,1.75,5.6,3.24,3.56,4.98,2.12,4.54,3.21,2.33,4.6,2.78,4.35,5.75,5.39,3.38,3.1,2.78,4.32,2.37,5.15,6.59,3.22,3.07,1.8,4.4,3.15,4.59,5.75,2.71,5.35,4.01,2.48,1.65,4.88,2.85,4.35,5.2,3.14,2.91,5.96,4.37,2.66,3.91,3.84,4.33,3.02,4.07,5.34
2024-04-30,-4.09,-4.27,-4.25,-6.02,-5.62,-7.05,-4.29,-3.92,-4.31,-4.41,-4.03,-4.41,-7.71,-6.39,-6.01,-6.06,-6.51,-4.77,-3.68,-5.42,-5.83,-5.25,-3.12,-4.41,-5.93,-4.24,-5.08,-4.14,-4.03,-4.15,-6.56,-6.69,-6.67,-7.79,-4.03,-3.73,-3.91,-5.1,-2.07,-3.71,-5.56,-6.83,-5.3,-4.43,-3.67,-4.44,-6.35,-3.64,-6.62,-4.23
2024-05-31,4.96,4.7,5.97,4.38,5.03,5,3.15,6.58,2.96,4.71,6.46,3.07,5.33,4.66,4.1,4.66,4.59,5.44,5.83,2.84,1.06,3.57,4.23,4.75,1.57,6.13,2.4,4.75,3.3,3.27,4.48,4.6,4.54,5.13,6.67,2.91,5.26,2.59,2.08,2.79,5.33,3.05,2.54,5.56,2.94,5.33,4.68,3.85,4.17,3.63
2024-06-30,3.59,3.3,6.73,-1.58,-2.27,-0.93,-0.96,6.96,-0.67,3.08,6.54,-0.73,-0.17,-1.69,-1.29,-1.92,-2.72,-1.86,4.98,-0.68,1.65,-1.62,-2.06,3.11,0.55,6.2,-0.55,3.54,0.66,-1.65,0.01,-2.52,-1.22,-2.33,7.41,-0.57,4.47,-0.07,-0.37,1.78,4.57,-0.04,-0.13,3.17,0.57,3.03,-1.72,-0.25,-1.58,0.85
2024-07-31,1.22,1.45,-1.72,5.79,10.78,10.11,5.1,-1.32,4.73,1.84,-1.1,4.92,8.17,12.1,4.2,7.53,11.69,9.89,0.51,4.7,0.58,6.02,7.55,1.84,2.3,-1.61,3.93,1.23,3.99,5.59,5.98,9.89,7.9,11.85,-2.04,4.59,0.55,4.08,5.56,3.72,-1.96,4.04,4.14,0.73,4.61,1.43,7.31,7.16,7.51,5.59
2024-08-31,2.42,2.36,2.07,-0.08,-1.46,-1.51,2.67,2.18,2.94,2.16,1.86,2.81,-1.1,-1.9,-0.75,0.62,-1.26,-1.67,2.23,2.02,2.47,1.88,3.05,2.14,2.44,2.14,2.4,2.44,2.7,2.34,0.15,-0.9,-0.37,-2.74,2.02,3.1,2.45,2.45,3.14,4.93,3.4,0.38,2.42,3.49,3.08,2.23,-0.55,1.5,-0.32,2.75
2024-09-30,2.13,2.12,2.82,1.15,0.84,0.7,1.37,2.82,1.1,2.05,2.84,1.12,1.32,0.05,1.13,1.15,0.88,0.79,2.26,2.21,3.31,1.87,1.98,2.06,2.92,2.86,2.26,2.13,1.45,1.61,1.74,1.15,1.47,-0.48,2.76,1.1,2.1,2.15,0.37,0.43,2.85,1.77,2.11,1.12,1.53,2.19,2.14,1.17,1.49,1.73
2024-10-31,-0.91,-0.71,-0.35,-0.71,-2.64,-1.46,-1.12,-0.64,-1.29,-0.75,-0.67,-1.2,-1.33,-1.58,-1.34,-0.06,-1.73,-3.59,-0.51,-0.56,1.72,-1.28,-0.23,-0.71,-0.33,-0.24,-0.7,-0.75,-1.21,-1.08,-0.75,-0.91,-0.8,0.66,-0.6,-1.03,-0.75,-1.04,0.06,-1.46,-0.14,-1.29,-1.04,-1.55,-1.14,-0.64,-0.79,0.1,-0.93,-0.54
2024-11-30,5.87,6.43,6.47,8.8,10.93,10.96,6.37,5.93,5.77,6.64,6.08,5.97,12.25,9.63,8.75,8.83,10.69,11.17,5.45,8.81,13.3,7.35,6.33,6.65,10.61,7.44,8.68,6.25,5.14,6.72,10.54,9.67,10.09,11.61,5.68,5.84,5.74,7.76,3,5.02,6.92,6.38,7.65,4.88,4.71,7.02,11.65,8.59,9.89,5.68
2024-12-31,-2.39,-2.8,0.87,-7.13,-7.96,-8.28,-6.85,0.84,-6.81,-3.08,0.41,-6.8,-8.2,-8.35,-7.58,-6.68,-6.78,-9.17,-0.37,-7.05,-6.23,-7.33,-7.55,-3.03,-5.98,-0.4,-6.74,-2.61,-4.68,-7.53,-7.69,-7.71,-7.69,-5.82,1.75,-6.59,-1.55,-6.24,-6.46,-5.59,-4.04,-7.17,-6.25,-3.52,-4.94,-3.19,-7.74,-5.95,-7.59,-6.27
2025-01-31,2.78,3.17,1.96,3.84,2.91,2.6,4.61,2.67,2.88,3.14,2.73,2.95,3.15,2.05,3.74,3.94,1.81,3.96,2.17,4.23,6.35,3.49,2.7,3.07,5.22,2.53,4.07,3.07,3.68,2.82,3.98,3.18,3.58,0.12,1.44,5.22,2.87,4.15,2.14,3.58,5.92,4.23,4.13,2.95,3.51,3.48,4.15,1.87,3.47,4.56
2025-02-28,-1.31,-1.76,-3.6,-4.35,-5.71,-5.33,0.39,-2.92,0.41,-1.93,-3.06,0.22,-6.76,-3.84,-5.59,-3.06,-5.5,-5.91,-1.57,-2.87,-5.72,-1.85,2.5,-1.89,-3.78,-3.72,-1.97,-1.61,0.74,0.05,-5.75,-3.49,-4.63,-5.48,-3.36,1.59,-1.45,-1.41,5.24,2.78,-0.3,1.02,-1.45,-0.98,1.08,-0.98,-5.41,-0.55,-4.67,1.79
2025-03-31,-5.63,-5.8,-8.44,-5.47,-6.15,-6.81,-2.79,-8.21,-2.97,-5.84,-8.1,-3.04,-7.58,-6.02,-6.46,-4.48,-6.38,-5.94,-6.53,-4.64,-7.43,-3.69,-2.01,-5.92,-6.38,-8.32,-4.47,-5.87,-3.24,-2.42,-6.9,-5.56,-6.21,-9.57,-8.37,-2.32,-6.12,-3.95,1.01,-0.62,-7.38,-3.48,-4.21,-5.62,-3.17,-6.2,-6.27,-0.81,-6.28,-3.18
2025-04-30,-0.68,-0.61,1.76,-2.26,-4.18,-2.3,-3.06,2.21,-3.58,-0.69,2.1,-3.61,-0.65,-4.02,-0.18,-4.37,-5.82,-2.57,-0.48,-1.04,3.34,-2.49,-4.37,-0.7,0.72,2.14,-1.39,-0.47,-3.13,-3.56,-0.67,-4.39,-2.56,-0.49,1.74,-3.36,-0.49,-1.87,-4.85,-1.19,3.91,-3.72,-1.73,-0.9,-2.65,-0.23,-1.75,-0.7,-2.06,-4.15
2025-05-31,6.29,6.37,8.83,5.39,5.23,5.33,3.5,9.39,3,6.32,9.23,3.09,6.4,4.19,6.18,4.52,4.36,6.02,7.16,5.7,9.56,4.34,2.23,6.4,7.42,10.1,5.6,6.46,2.54,3.63,5.91,4.79,5.39,7.93,8.31,3.05,6.56,4.48,0.97,1.11,10.44,4.25,4.88,4.62,3.3,6.16,6.5,1.99,5.93,4.4
2025-06-30,5.08,5.05,6.36,3.58,4.03,5.4,3.4,6.32,3.67,5.06,6.18,3.69,5.85,4.91,3.4,3.74,4.28,3.79,5.67,3.71,4.34,3.48,2.15,5.12,4.08,6.51,3.62,5.13,3.58,3.17,5.14,3.97,4.56,7.44,6.29,3.36,5.42,3.63,1.53,0.7,4.02,6.55,3.59,3.39,3.48,4.98,4.64,0.45,4.64,4.3
2025-07-31,2.24,2.21,3.76,1.62,0.92,1.71,0.56,3.41,0.87,2.18,3.36,0.89,1.69,1.74,2.15,1,1.29,0.56,2.87,1.84,2.03,1.77,1.61,2.28,1.79,3.64,1.64,2.28,0.72,1.48,2.41,1.59,2.05,2.07,3.54,-0.03,2.31,1.14,0.89,-1.31,0.33,-0.29,1.14,0.72,0.98,2.21,2,-1.26,1.91,-0.43
2025-08-31,2.03,2.1,1.1,3.39,7.05,7.13,3.18,0.81,3.43,2.3,0.9,3.51,5.91,8.45,2.33,4.58,8.74,5.44,2.15,2.5,0.99,3,5.05,2.27,0.4,-0.26,2.02,1.98,4.63,3.63,4.08,6.92,5.49,9.28,1.14,3.26,1.99,2.37,4.31,1.7,1.02,5.95,2.31,2.57,3.53,1.96,5.37,4.03,5.3,3.98
2025-09-30,3.65,3.46,5.29,0.45,0.99,3.12,1.48,5.28,1.75,3.43,5.07,1.66,4.16,2,0.98,-0.14,1.4,0.57,4.32,0.88,-0.27,1.26,1.08,3.44,1,4.28,1,3.64,2.92,1.02,2.58,0.36,1.54,4.95,6.07,1.58,4.13,0.8,0.08,1.35,5.51,5.12,1.11,3.22,2.35,3.71,2.11,0.36,1.65,0.91
2025-10-31,2.34,2.14,3.62,-0.47,-0.88,1.8,0.43,3.33,1.11,2.12,3.19,0.99,3.23,0.25,0.28,-1.33,-0.37,-1.42,3.63,-0.84,-0.29,-1.02,-2.06,2.2,-0.44,2.68,-0.6,2.34,1.95,-0.79,2.12,-0.49,0.86,4.52,3.89,1.12,2.91,-0.48,-2.63,-2.02,-0.9,4.24,-0.22,0.88,-0.01,1.44,-0.03,-2.58,0.64,-0.53
